,sym_1,sym_2,p_value,t_value,c_value,hedge_ratio,zero_crossings
272,AXSUSDT,ADAUSDT,0.01,-3.83,-3.37,31.89,47
949,EOSUSDT,FIREUSDT,0.04,-3.44,-3.37,3.36,44
625,DGBUSDT,FORTHUSDT,0.01,-3.88,-3.37,0.01,43
8,10000COQUSDT,API3USDT,0.04,-3.39,-3.37,0.01,42
418,BATUSDT,HFTUSDT,0.01,-4.07,-3.37,1.49,41
374,AXSUSDT,FLRUSDT,0.0,-4.13,-3.37,2267.26,41
56,1000RATSUSDT,CFXUSDT,0.01,-3.9,-3.37,0.24,41
54,1000RATSUSDT,BAKEUSDT,0.0,-4.35,-3.37,0.06,40
1164,FORTHUSDT,HOTUSDT,0.0,-5.33,-3.37,453.96,40
412,BATUSDT,1000BTTUSDT,0.03,-3.51,-3.37,555.36,38
981,FILUSDT,FIREUSDT,0.03,-3.49,-3.37,49.41,38
1340,HOTUSDT,FILUSDT,0.01,-4.02,-3.37,0.0,37
1345,HOTUSDT,FLRUSDT,0.01,-4.02,-3.37,0.22,37
637,DOTUSDT,FIREUSDT,0.02,-3.7,-3.37,31.12,36
60,1000RATSUSDT,FOXYUSDT,0.01,-3.86,-3.37,4.14,36
999,FLOWUSDT,10000NFTUSDT,0.03,-3.51,-3.37,697.71,36
514,CFXUSDT,FOXYUSDT,0.0,-5.28,-3.37,16.94,36
1165,FOXYUSDT,BAKEUSDT,0.02,-3.64,-3.37,0.01,36
1138,FORTHUSDT,FITFIUSDT,0.0,-5.33,-3.37,254.79,35
366,AXSUSDT,ETHUSDT,0.01,-3.84,-3.37,0.04,35
627,DGBUSDT,HBARUSDT,0.02,-3.67,-3.37,0.09,35
979,FETUSDT,HIGHUSDT,0.0,-5.04,-3.37,0.13,35
560,CVXUSDT,FETUSDT,0.0,-4.2,-3.37,60.29,35
896,ENJUSDT,DATAUSDT,0.0,-5.47,-3.37,31.67,35
104,1CATUSDT,BAKEUSDT,0.01,-3.94,-3.37,0.01,34
399,BADGERUSDT,BBUSDT,0.02,-3.75,-3.37,5.7,34
1064,FORTHUSDT,ARKUSDT,0.0,-5.5,-3.37,10.54,34
1330,HOTUSDT,DYDXUSDT,0.0,-4.2,-3.37,0.0,34
971,ETHUSDT,HOTUSDT,0.04,-3.39,-3.37,282693.66,34
1349,HOTUSDT,FTNUSDT,0.01,-3.82,-3.37,0.0,33
19,10000SATSUSDT,AUCTIONUSDT,0.04,-3.38,-3.37,0.0,33
1342,HOTUSDT,FITFIUSDT,0.01,-3.8,-3.37,0.56,33
155,AIUSDT,COMBOUSDT,0.03,-3.56,-3.37,1.12,33
45,1000IQ50USDT,1000RATSUSDT,0.0,-4.75,-3.37,0.82,33
493,CAKEUSDT,GODSUSDT,0.04,-3.38,-3.37,5.87,33
221,ARUSDT,CTSIUSDT,0.03,-3.51,-3.37,141.94,33
145,AERGOUSDT,GMXUSDT,0.03,-3.52,-3.37,0.0,33
1042,FORTHUSDT,ADAUSDT,0.0,-5.33,-3.37,1.38,33
205,ARKMUSDT,ENSUSDT,0.02,-3.62,-3.37,0.01,32
21,10000SATSUSDT,BALUSDT,0.01,-3.93,-3.37,0.0,32
947,ENSUSDT,GLMUSDT,0.02,-3.63,-3.37,260.8,32
131,ACHUSDT,DGBUSDT,0.03,-3.58,-3.37,1.08,32
51,1000RATSUSDT,1CATUSDT,0.01,-3.93,-3.37,6.72,32
276,AXSUSDT,AGIXUSDT,0.01,-3.94,-3.37,163.76,31
201,APEUSDT,CETUSUSDT,0.03,-3.58,-3.37,90.65,31
151,AGLDUSDT,ALPACAUSDT,0.0,-4.18,-3.37,6.68,31
782,EGLDUSDT,GFTUSDT,0.0,-5.12,-3.37,2327.54,31
1352,HOTUSDT,GALAUSDT,0.01,-3.83,-3.37,0.07,31
646,DYDXUSDT,FLOWUSDT,0.04,-3.39,-3.37,1.64,31
47,1000IQ50USDT,CFXUSDT,0.01,-4.05,-3.37,0.2,31
1341,HOTUSDT,FIREUSDT,0.0,-4.36,-3.37,0.01,31
1078,FORTHUSDT,BBUSDT,0.0,-5.4,-3.37,8.19,31
1335,HOTUSDT,EOSUSDT,0.01,-4.06,-3.37,0.0,31
238,AUDIOUSDT,COTIUSDT,0.01,-3.87,-3.37,6.66,31
375,AXSUSDT,FORTHUSDT,0.01,-3.88,-3.37,23.1,31
413,BATUSDT,AEVOUSDT,0.02,-3.63,-3.37,0.33,30
1305,HOTUSDT,CHZUSDT,0.01,-3.83,-3.37,0.02,30
1213,HFTUSDT,ARKUSDT,0.03,-3.55,-3.37,2.51,30
373,AXSUSDT,FLOWUSDT,0.01,-3.88,-3.37,5.0,30
17,10000SATSUSDT,1CATUSDT,0.01,-3.99,-3.37,0.18,30
1133,FORTHUSDT,ETHUSDT,0.0,-5.38,-3.37,0.0,30
28,10000SATSUSDT,HOOKUSDT,0.02,-3.61,-3.37,0.0,30
371,AXSUSDT,FITFIUSDT,0.01,-3.83,-3.37,5888.79,29
298,AXSUSDT,ATAUSDT,0.01,-3.82,-3.37,832.11,29
237,AUDIOUSDT,BTCUSDT,0.04,-3.41,-3.37,0.0,29
1229,HOTUSDT,10000NFTUSDT,0.01,-3.79,-3.37,0.33,29
1256,HOTUSDT,ALICEUSDT,0.01,-3.95,-3.37,0.0,29
175,ALPACAUSDT,COSUSDT,0.0,-5.04,-3.37,14.81,29
1077,FORTHUSDT,BATUSDT,0.0,-5.38,-3.37,2.82,29
1150,FORTHUSDT,GFTUSDT,0.0,-5.49,-3.37,26.14,29
529,COSUSDT,DODOUSDT,0.02,-3.72,-3.37,0.03,29
44,1000FLOKIUSDT,FLMUSDT,0.0,-4.81,-3.37,0.28,29
944,ENJUSDT,HOTUSDT,0.0,-4.25,-3.37,361.18,29
1145,FORTHUSDT,FTNUSDT,0.0,-5.78,-3.37,1.51,29
358,AXSUSDT,EDUUSDT,0.0,-4.42,-3.37,63.12,29
677,EGLDUSDT,AGIXUSDT,0.0,-5.19,-3.37,632.34,29
108,1CATUSDT,COVALUSDT,0.02,-3.63,-3.37,0.28,29
899,ENJUSDT,DGBUSDT,0.0,-4.26,-3.37,68.77,29
796,EGLDUSDT,HOTUSDT,0.0,-5.87,-3.37,40528.56,29
824,ENJUSDT,AGIXUSDT,0.0,-4.18,-3.37,5.63,29
370,AXSUSDT,FIREUSDT,0.0,-4.21,-3.37,60.73,28
259,AXSUSDT,1000BTTUSDT,0.01,-3.82,-3.37,36206.42,28
430,BNTUSDT,1000FLOKIUSDT,0.01,-4.0,-3.37,11.67,28
225,AUCTIONUSDT,AGLDUSDT,0.01,-3.78,-3.37,6.14,28
172,ALPACAUSDT,CEEKUSDT,0.0,-4.19,-3.37,0.61,28
495,CEEKUSDT,AGLDUSDT,0.02,-3.7,-3.37,0.25,28
1270,HOTUSDT,ARPAUSDT,0.0,-4.14,-3.37,0.1,28
1158,FORTHUSDT,HBARUSDT,0.0,-5.64,-3.37,7.89,28
1251,HOTUSDT,AGIXUSDT,0.01,-3.99,-3.37,0.02,28
1174,FTMUSDT,BSVUSDT,0.03,-3.48,-3.37,0.01,28
1275,HOTUSDT,AUDIOUSDT,0.01,-3.8,-3.37,0.0,27
359,AXSUSDT,EGLDUSDT,0.01,-3.95,-3.37,0.26,27
361,AXSUSDT,ENJUSDT,0.01,-4.02,-3.37,28.94,27
295,AXSUSDT,ARPAUSDT,0.01,-3.9,-3.37,1015.36,27
1273,HOTUSDT,ATAUSDT,0.01,-4.02,-3.37,0.08,27
270,AXSUSDT,ACEUSDT,0.01,-3.96,-3.37,4.79,27
842,ENJUSDT,ARKUSDT,0.0,-4.42,-3.37,8.39,27
351,AXSUSDT,DGBUSDT,0.01,-3.91,-3.37,1998.59,27
1283,HOTUSDT,BBUSDT,0.01,-3.9,-3.37,0.02,27
330,AXSUSDT,CHZUSDT,0.01,-3.87,-3.37,214.8,27
1140,FORTHUSDT,FLOWUSDT,0.0,-5.53,-3.37,0.22,27
240,AUDIOUSDT,CYBERUSDT,0.04,-3.38,-3.37,0.55,27
1141,FORTHUSDT,FLRUSDT,0.0,-5.74,-3.37,98.03,27
308,AXSUSDT,BBUSDT,0.01,-3.83,-3.37,189.16,27
235,AUDIOUSDT,ARKUSDT,0.02,-3.67,-3.37,8.38,27
392,AXSUSDT,HBARUSDT,0.01,-4.11,-3.37,182.49,27
1319,HOTUSDT,CYBERUSDT,0.0,-4.14,-3.37,0.0,27
469,BOBAUSDT,COSUSDT,0.01,-3.99,-3.37,140.89,27
1323,HOTUSDT,DATAUSDT,0.01,-3.79,-3.37,0.09,27
463,BNTUSDT,GRTUSDT,0.0,-4.18,-3.37,0.8,27
158,AIUSDT,FXSUSDT,0.01,-3.91,-3.37,0.03,27
1191,FXSUSDT,COTIUSDT,0.04,-3.47,-3.37,89.41,27
520,COMBOUSDT,1CATUSDT,0.02,-3.63,-3.37,101.27,27
531,COTIUSDT,COMBOUSDT,0.0,-4.34,-3.37,0.36,27
208,ARKUSDT,1INCHUSDT,0.02,-3.7,-3.37,0.1,27
20,10000SATSUSDT,BAKEUSDT,0.04,-3.38,-3.37,0.0,27
266,AXSUSDT,1000XECUSDT,0.0,-5.52,-3.37,753.48,26
1159,FORTHUSDT,HFTUSDT,0.0,-5.35,-3.37,4.2,26
1100,FORTHUSDT,CHZUSDT,0.0,-5.55,-3.37,9.29,26
254,AXSUSDT,10000NFTUSDT,0.0,-4.18,-3.37,3494.53,26
125,ACEUSDT,DYDXUSDT,0.04,-3.45,-3.37,0.63,26
228,AUCTIONUSDT,CEEKUSDT,0.01,-3.94,-3.37,24.98,26
0,10000000AIDOGEUSDT,ANTUSDT,0.0,-4.23,-3.37,0.0,26
169,ALPACAUSDT,BADGERUSDT,0.01,-3.85,-3.37,0.08,26
356,AXSUSDT,DYDXUSDT,0.0,-4.17,-3.37,3.04,26
1328,HOTUSDT,DOTUSDT,0.0,-4.39,-3.37,0.0,26
579,DEGENUSDT,AGLDUSDT,0.03,-3.48,-3.37,0.04,26
9,10000COQUSDT,CFXUSDT,0.01,-3.87,-3.37,0.23,25
398,AXSUSDT,HOTUSDT,0.01,-3.82,-3.37,10491.91,25
600,DEGENUSDT,GMXUSDT,0.01,-4.0,-3.37,0.0,25
227,AUCTIONUSDT,BSVUSDT,0.0,-4.38,-3.37,0.05,25
11,10000COQUSDT,GFTUSDT,0.03,-3.57,-3.37,0.55,25
939,ENJUSDT,HFTUSDT,0.01,-4.05,-3.37,3.34,25
417,BATUSDT,COMPUSDT,0.03,-3.55,-3.37,0.0,25
72,1000XECUSDT,BBUSDT,0.03,-3.57,-3.37,0.25,25
156,AIUSDT,COTIUSDT,0.04,-3.41,-3.37,3.12,25
180,ALPACAUSDT,ENSUSDT,0.03,-3.54,-3.37,0.0,25
178,ALPACAUSDT,DODOUSDT,0.0,-4.14,-3.37,0.41,25
1241,HOTUSDT,1000XECUSDT,0.01,-3.84,-3.37,0.07,25
1344,HOTUSDT,FLOWUSDT,0.02,-3.68,-3.37,0.0,25
494,CEEKUSDT,10000SATSUSDT,0.03,-3.57,-3.37,144.62,25
369,AXSUSDT,FILUSDT,0.0,-4.28,-3.37,1.23,25
938,ENJUSDT,HBARUSDT,0.01,-4.1,-3.37,6.28,25
126,ACEUSDT,GMTUSDT,0.0,-4.54,-3.37,19.38,25
626,DGBUSDT,GALAUSDT,0.05,-3.38,-3.37,0.37,25
68,1000XECUSDT,ARBUSDT,0.04,-3.45,-3.37,0.07,25
772,EGLDUSDT,FLRUSDT,0.0,-4.41,-3.37,8761.31,25
898,ENJUSDT,DENTUSDT,0.01,-4.08,-3.37,653.88,25
379,AXSUSDT,FTNUSDT,0.01,-3.83,-3.37,34.93,25
930,ENJUSDT,GFTUSDT,0.01,-4.07,-3.37,20.73,25
1269,HOTUSDT,ARKUSDT,0.01,-3.77,-3.37,0.02,24
1327,HOTUSDT,DOGEUSDT,0.0,-4.24,-3.37,0.07,24
966,ETHUSDT,FILUSDT,0.03,-3.59,-3.37,33.07,24
1245,HOTUSDT,ACEUSDT,0.0,-4.18,-3.37,0.0,24
382,AXSUSDT,GALAUSDT,0.01,-3.86,-3.37,747.02,24
1267,HOTUSDT,ARBUSDT,0.01,-3.95,-3.37,0.01,24
1046,FORTHUSDT,AGIXUSDT,0.0,-5.42,-3.37,7.08,24
214,ARPAUSDT,AGIXUSDT,0.04,-3.47,-3.37,0.16,24
590,DEGENUSDT,CTKUSDT,0.02,-3.67,-3.37,0.03,24
242,AUDIOUSDT,DEGENUSDT,0.01,-3.77,-3.37,53.03,24
234,AUDIOUSDT,1INCHUSDT,0.0,-4.25,-3.37,0.88,24
615,DENTUSDT,COTIUSDT,0.05,-3.38,-3.37,0.01,24
620,DENTUSDT,ENSUSDT,0.0,-4.33,-3.37,0.0,24
10,10000COQUSDT,CKBUSDT,0.04,-3.44,-3.37,4.63,24
1360,HOTUSDT,GODSUSDT,0.01,-3.83,-3.37,0.02,24
1025,FORTHUSDT,10000NFTUSDT,0.0,-5.35,-3.37,151.12,23
502,CELOUSDT,ARBUSDT,0.02,-3.63,-3.37,3.71,23
482,BSVUSDT,COSUSDT,0.02,-3.66,-3.37,11959.66,23
475,BSVUSDT,AGLDUSDT,0.02,-3.69,-3.37,120.66,23
1200,GMXUSDT,CTKUSDT,0.01,-4.02,-3.37,22.56,23
307,AXSUSDT,BATUSDT,0.01,-3.83,-3.37,65.15,23
563,CYBERUSDT,DGBUSDT,0.04,-3.44,-3.37,125.24,23
188,ALPHAUSDT,CAKEUSDT,0.02,-3.68,-3.37,0.24,23
755,EGLDUSDT,DYDXUSDT,0.0,-5.89,-3.37,11.74,23
750,EGLDUSDT,DGBUSDT,0.0,-4.73,-3.37,7717.81,23
18,10000SATSUSDT,AGLDUSDT,0.01,-3.81,-3.37,0.0,23
934,ENJUSDT,GMXUSDT,0.0,-4.39,-3.37,0.06,23
1366,HOTUSDT,HNTUSDT,0.01,-3.78,-3.37,0.0,23
1120,FORTHUSDT,DENTUSDT,0.0,-5.37,-3.37,823.59,23
986,FIREUSDT,ARUSDT,0.03,-3.57,-3.37,0.02,23
271,AXSUSDT,ACHUSDT,0.01,-3.85,-3.37,1844.41,23
591,DEGENUSDT,CVXUSDT,0.01,-3.98,-3.37,0.0,23
141,AERGOUSDT,BADGERUSDT,0.02,-3.68,-3.37,0.08,23
937,ENJUSDT,GRTUSDT,0.01,-3.88,-3.37,3.5,23
33,10000WENUSDT,CTKUSDT,0.01,-3.79,-3.37,0.33,23
735,EGLDUSDT,COTIUSDT,0.0,-4.82,-3.37,745.24,23
732,EGLDUSDT,COMPUSDT,0.0,-4.68,-3.37,0.57,23
1190,FXSUSDT,ARKMUSDT,0.02,-3.63,-3.37,63.06,23
29,10000WENUSDT,AIUSDT,0.02,-3.6,-3.37,0.51,23
843,ENJUSDT,ARPAUSDT,0.0,-5.24,-3.37,34.95,23
452,BNTUSDT,DOGEUSDT,0.0,-4.47,-3.37,6.01,22
326,AXSUSDT,CELOUSDT,0.01,-3.86,-3.37,14.4,22
428,BNTUSDT,10000COQUSDT,0.01,-3.93,-3.37,8.58,22
1285,HOTUSDT,BEAMUSDT,0.0,-4.3,-3.37,0.79,22
408,BALUSDT,HOOKUSDT,0.01,-3.92,-3.37,5.87,22
425,BIGTIMEUSDT,ENSUSDT,0.0,-4.49,-3.37,0.0,22
247,AUDIOUSDT,GMXUSDT,0.04,-3.46,-3.37,0.06,22
1014,FLRUSDT,ENAUSDT,0.01,-4.06,-3.37,0.03,22
1030,FORTHUSDT,1000BTTUSDT,0.0,-5.34,-3.37,1566.52,22
1044,FORTHUSDT,AEVOUSDT,0.0,-5.33,-3.37,0.94,22
1302,HOTUSDT,CELRUSDT,0.01,-3.87,-3.37,0.05,22
143,AERGOUSDT,CELOUSDT,0.01,-4.1,-3.37,0.04,22
1362,HOTUSDT,HBARUSDT,0.01,-3.81,-3.37,0.02,22
1019,FLRUSDT,HNTUSDT,0.03,-3.47,-3.37,0.0,22
281,AXSUSDT,ALICEUSDT,0.01,-3.8,-3.37,5.79,22
585,DEGENUSDT,CELOUSDT,0.01,-3.94,-3.37,0.01,22
292,AXSUSDT,ARBUSDT,0.01,-3.82,-3.37,53.48,22
360,AXSUSDT,ENAUSDT,0.0,-4.21,-3.37,60.85,22
347,AXSUSDT,DASHUSDT,0.01,-3.81,-3.37,0.37,21
884,ENJUSDT,COTIUSDT,0.0,-4.43,-3.37,6.64,21
275,AXSUSDT,AGIUSDT,0.01,-3.9,-3.37,2463.11,21
273,AXSUSDT,AERGOUSDT,0.01,-3.85,-3.37,407.2,21
875,ENJUSDT,CELRUSDT,0.01,-4.1,-3.37,17.23,21
1247,HOTUSDT,ADAUSDT,0.01,-3.89,-3.37,0.0,21
881,ENJUSDT,COMPUSDT,0.0,-4.17,-3.37,0.01,21
328,AXSUSDT,CETUSUSDT,0.0,-4.38,-3.37,504.79,21
1268,HOTUSDT,ARKMUSDT,0.01,-4.01,-3.37,0.01,21
294,AXSUSDT,ARKUSDT,0.01,-3.82,-3.37,243.66,21
429,BNTUSDT,1000BONKUSDT,0.02,-3.71,-3.37,333.56,21
350,AXSUSDT,DENTUSDT,0.0,-4.39,-3.37,19014.48,21
384,AXSUSDT,GFTUSDT,0.01,-3.93,-3.37,603.24,21
32,10000WENUSDT,COTIUSDT,0.02,-3.68,-3.37,1.59,21
30,10000WENUSDT,BADGERUSDT,0.01,-3.94,-3.37,0.27,21
726,EGLDUSDT,CELRUSDT,0.0,-4.57,-3.37,1934.09,21
1039,FORTHUSDT,1INCHUSDT,0.0,-5.58,-3.37,1.11,21
612,DENTUSDT,AUDIOUSDT,0.04,-3.43,-3.37,0.0,21
589,DEGENUSDT,COTIUSDT,0.01,-4.0,-3.37,0.13,21
587,DEGENUSDT,COMBOUSDT,0.01,-3.84,-3.37,0.04,21
574,DATAUSDT,COTIUSDT,0.01,-3.82,-3.37,0.21,21
542,COVALUSDT,CFXUSDT,0.03,-3.52,-3.37,0.13,21
523,COMPUSDT,AGIXUSDT,0.04,-3.43,-3.37,1101.25,21
1308,HOTUSDT,COMPUSDT,0.0,-4.37,-3.37,0.0,21
468,BOBAUSDT,CFXUSDT,0.01,-3.84,-3.37,5.62,21
807,ENJUSDT,1000BTTUSDT,0.01,-3.98,-3.37,1246.06,21
23,10000SATSUSDT,BSVUSDT,0.01,-4.04,-3.37,0.0,21
98,1000XECUSDT,HBARUSDT,0.02,-3.71,-3.37,0.24,21
826,ENJUSDT,AIUSDT,0.0,-7.24,-3.37,2.13,21
388,AXSUSDT,GMXUSDT,0.01,-3.86,-3.37,1.8,21
1137,FORTHUSDT,FIREUSDT,0.0,-5.59,-3.37,2.63,21
696,EGLDUSDT,ARPAUSDT,0.0,-4.68,-3.37,3921.12,21
144,AERGOUSDT,CTKUSDT,0.02,-3.63,-3.37,0.1,21
921,ENJUSDT,FORTHUSDT,0.0,-5.3,-3.37,0.8,21
171,ALPACAUSDT,BOBAUSDT,0.04,-3.39,-3.37,0.11,21
1242,HOTUSDT,1CATUSDT,0.01,-3.98,-3.37,0.66,21
241,AUDIOUSDT,DATAUSDT,0.02,-3.66,-3.37,31.82,20
378,AXSUSDT,FTMUSDT,0.01,-3.83,-3.37,55.42,20
1296,HOTUSDT,BSVUSDT,0.0,-4.17,-3.37,0.0,20
447,BNTUSDT,CKBUSDT,0.0,-5.06,-3.37,40.05,20
127,ACEUSDT,GODSUSDT,0.04,-3.38,-3.37,40.56,20
154,AIUSDT,ARKMUSDT,0.01,-3.8,-3.37,2.2,20
608,DENTUSDT,AGLDUSDT,0.02,-3.64,-3.37,0.0,20
302,AXSUSDT,AXLUSDT,0.01,-3.9,-3.37,84.77,20
119,AAVEUSDT,BLZUSDT,0.0,-4.41,-3.37,3205.42,20
976,FETUSDT,BBUSDT,0.01,-3.89,-3.37,1.2,20
768,EGLDUSDT,FIREUSDT,0.0,-5.87,-3.37,234.48,20
632,DODOUSDT,CELOUSDT,0.04,-3.42,-3.37,0.08,20
1065,FORTHUSDT,ARPAUSDT,0.0,-5.33,-3.37,43.92,20
85,1000XECUSDT,DASHUSDT,0.04,-3.45,-3.37,0.0,20
541,COVALUSDT,BRETTUSDT,0.03,-3.52,-3.37,0.87,20
1041,FORTHUSDT,ACEUSDT,0.0,-5.58,-3.37,0.21,20
508,CFXUSDT,BAKEUSDT,0.03,-3.5,-3.37,0.24,20
537,COVALUSDT,AGLDUSDT,0.0,-4.66,-3.37,0.03,20
1037,FORTHUSDT,1000XECUSDT,0.0,-5.39,-3.37,32.62,20
1062,FORTHUSDT,ARBUSDT,0.0,-5.32,-3.37,2.31,20
580,DEGENUSDT,ALPACAUSDT,0.01,-3.91,-3.37,0.28,20
116,1INCHUSDT,GALAUSDT,0.05,-3.37,-3.37,28.95,19
920,ENJUSDT,FLRUSDT,0.01,-4.07,-3.37,78.1,19
363,AXSUSDT,EOSUSDT,0.0,-4.46,-3.37,18.09,19
610,DENTUSDT,ALPACAUSDT,0.02,-3.62,-3.37,0.02,19
1003,FLOWUSDT,GMXUSDT,0.0,-4.62,-3.37,0.36,19
1136,FORTHUSDT,FILUSDT,0.0,-5.36,-3.37,0.05,19
848,ENJUSDT,AUDIOUSDT,0.0,-4.27,-3.37,1.0,19
851,ENJUSDT,BADGERUSDT,0.0,-5.35,-3.37,1.14,19
1168,FRONTUSDT,CRVUSDT,0.03,-3.5,-3.37,0.08,19
354,AXSUSDT,DOTUSDT,0.0,-4.26,-3.37,1.95,19
348,AXSUSDT,DATAUSDT,0.01,-4.01,-3.37,921.93,19
344,AXSUSDT,CYBERUSDT,0.01,-3.83,-3.37,15.89,19
631,DODOUSDT,CEEKUSDT,0.04,-3.41,-3.37,1.47,19
336,AXSUSDT,COTIUSDT,0.01,-3.91,-3.37,193.14,19
1235,HOTUSDT,1000FLOKIUSDT,0.01,-3.89,-3.37,0.14,19
7,10000COQUSDT,1000IQ50USDT,0.01,-3.82,-3.37,1.17,19
638,DUSKUSDT,GASUSDT,0.02,-3.65,-3.37,0.15,19
102,1CATUSDT,ARKMUSDT,0.0,-4.9,-3.37,0.02,19
820,ENJUSDT,ADAUSDT,0.0,-5.3,-3.37,1.1,19
101,1CATUSDT,AIUSDT,0.04,-3.45,-3.37,0.01,19
828,ENJUSDT,ALGOUSDT,0.0,-5.28,-3.37,1.27,19
1223,HNTUSDT,DYMUSDT,0.02,-3.64,-3.37,3.45,19
521,COMBOUSDT,FLRUSDT,0.02,-3.62,-3.37,32.22,19
533,COTIUSDT,FLRUSDT,0.0,-4.28,-3.37,11.56,19
1357,HOTUSDT,GMTUSDT,0.0,-4.9,-3.37,0.01,19
1356,HOTUSDT,GLMUSDT,0.01,-3.87,-3.37,0.03,19
549,CTKUSDT,FLOWUSDT,0.01,-3.9,-3.37,0.12,19
1103,FORTHUSDT,COMPUSDT,0.0,-5.34,-3.37,0.01,19
1130,FORTHUSDT,EOSUSDT,0.0,-5.36,-3.37,0.78,19
1029,FORTHUSDT,1000BONKUSDT,0.0,-5.68,-3.37,1821.87,19
562,CYBERUSDT,ATAUSDT,0.03,-3.52,-3.37,52.14,19
189,ALTUSDT,10000NFTUSDT,0.03,-3.51,-3.37,19.68,19
460,BNTUSDT,FLMUSDT,0.01,-3.98,-3.37,3.25,19
1294,HOTUSDT,BONDUSDT,0.01,-3.94,-3.37,0.0,19
1031,FORTHUSDT,1000FLOKIUSDT,0.0,-5.51,-3.37,64.27,19
814,ENJUSDT,1000XECUSDT,0.0,-5.24,-3.37,25.96,19
576,DATAUSDT,ENSUSDT,0.03,-3.55,-3.37,0.0,19
749,EGLDUSDT,DENTUSDT,0.0,-4.34,-3.37,73410.45,19
816,ENJUSDT,1INCHUSDT,0.0,-5.72,-3.37,0.88,19
817,ENJUSDT,AAVEUSDT,0.0,-5.21,-3.37,0.01,19
431,BNTUSDT,1000IQ50USDT,0.0,-4.21,-3.37,10.06,19
586,DEGENUSDT,CHZUSDT,0.03,-3.51,-3.37,0.14,19
869,ENJUSDT,BSVUSDT,0.0,-5.31,-3.37,0.02,19
424,BIGTIMEUSDT,CFXUSDT,0.04,-3.41,-3.37,0.79,19
1211,HBARUSDT,FXSUSDT,0.03,-3.52,-3.37,0.01,19
1154,FORTHUSDT,GMXUSDT,0.0,-5.4,-3.37,0.08,19
987,FIREUSDT,ASTRUSDT,0.01,-3.89,-3.37,4.56,19
526,COSUSDT,10000SATSUSDT,0.03,-3.57,-3.37,5.93,19
676,EGLDUSDT,AGIUSDT,0.0,-5.83,-3.37,9523.97,19
1068,FORTHUSDT,ATAUSDT,0.0,-5.33,-3.37,36.0,19
883,ENJUSDT,COSUSDT,0.0,-4.21,-3.37,221.65,19
246,AUDIOUSDT,GALAUSDT,0.02,-3.66,-3.37,25.65,19
40,1000BONKUSDT,1000LUNCUSDT,0.02,-3.62,-3.37,0.0,19
1054,FORTHUSDT,ALTUSDT,0.0,-5.35,-3.37,7.61,19
133,ACHUSDT,FORTHUSDT,0.01,-3.81,-3.37,0.01,19
1052,FORTHUSDT,ALPACAUSDT,0.0,-5.55,-3.37,18.82,19
1073,FORTHUSDT,BADGERUSDT,0.0,-5.65,-3.37,1.43,19
309,AXSUSDT,BCHUSDT,0.0,-4.22,-3.37,0.24,19
700,EGLDUSDT,AUDIOUSDT,0.0,-4.67,-3.37,112.18,19
683,EGLDUSDT,ALPACAUSDT,0.0,-4.44,-3.37,1678.4,19
673,EGLDUSDT,ADAUSDT,0.0,-5.87,-3.37,123.16,19
1312,HOTUSDT,COVALUSDT,0.01,-4.07,-3.37,0.19,18
16,10000NFTUSDT,ENAUSDT,0.04,-3.46,-3.37,0.02,18
129,ACHUSDT,AUCTIONUSDT,0.04,-3.38,-3.37,0.01,18
1083,FORTHUSDT,BLURUSDT,0.0,-5.44,-3.37,2.72,18
114,1INCHUSDT,COMBOUSDT,0.0,-4.63,-3.37,2.71,18
1277,HOTUSDT,AXLUSDT,0.0,-4.44,-3.37,0.01,18
296,AXSUSDT,ARUSDT,0.01,-4.1,-3.37,1.19,18
506,CFXUSDT,AMBUSDT,0.0,-4.12,-3.37,29.55,18
229,AUCTIONUSDT,COSUSDT,0.03,-3.52,-3.37,608.12,18
611,DENTUSDT,ARKMUSDT,0.02,-3.6,-3.37,0.01,18
527,COSUSDT,1000IQ50USDT,0.02,-3.6,-3.37,0.2,18
1244,HOTUSDT,AAVEUSDT,0.01,-3.79,-3.37,0.0,18
1122,FORTHUSDT,DOGEUSDT,0.0,-5.57,-3.37,33.11,18
434,BNTUSDT,AMBUSDT,0.03,-3.49,-3.37,59.64,18
771,EGLDUSDT,FLOWUSDT,0.0,-6.05,-3.37,19.33,18
1125,FORTHUSDT,DYDXUSDT,0.0,-5.39,-3.37,0.13,18
94,1000XECUSDT,FIREUSDT,0.04,-3.38,-3.37,0.08,18
1333,HOTUSDT,ENAUSDT,0.02,-3.61,-3.37,0.01,18
1108,FORTHUSDT,CROUSDT,0.0,-5.33,-3.37,3.87,18
1195,GALAUSDT,GODSUSDT,0.01,-3.88,-3.37,0.26,18
96,1000XECUSDT,GALAUSDT,0.03,-3.52,-3.37,0.99,18
1363,HOTUSDT,HFTUSDT,0.0,-4.12,-3.37,0.01,18
1051,FORTHUSDT,ALICEUSDT,0.0,-5.8,-3.37,0.25,18
647,DYDXUSDT,GMTUSDT,0.01,-3.78,-3.37,30.6,18
648,DYDXUSDT,GODSUSDT,0.0,-4.32,-3.37,64.06,18
1080,FORTHUSDT,BEAMUSDT,0.0,-5.37,-3.37,357.11,18
1175,FTMUSDT,DASHUSDT,0.01,-3.81,-3.37,0.01,18
907,ENJUSDT,ENAUSDT,0.0,-4.65,-3.37,2.1,18
919,ENJUSDT,FLOWUSDT,0.0,-4.45,-3.37,0.17,18
53,1000RATSUSDT,AMBUSDT,0.02,-3.63,-3.37,7.23,18
1144,FORTHUSDT,FTMUSDT,0.0,-5.4,-3.37,2.4,18
168,ALPACAUSDT,AUCTIONUSDT,0.01,-3.9,-3.37,0.02,18
444,BNTUSDT,BOBAUSDT,0.04,-3.47,-3.37,0.36,18
536,COVALUSDT,1000LUNCUSDT,0.0,-4.28,-3.37,0.09,18
27,10000SATSUSDT,FOXYUSDT,0.03,-3.5,-3.37,0.11,17
707,EGLDUSDT,BATUSDT,0.0,-6.0,-3.37,251.63,17
830,ENJUSDT,ALPACAUSDT,0.0,-5.29,-3.37,14.96,17
1110,FORTHUSDT,CTKUSDT,0.0,-5.58,-3.37,1.75,17
476,BSVUSDT,ALPACAUSDT,0.03,-3.52,-3.37,807.18,17
1316,HOTUSDT,CTSIUSDT,0.01,-3.96,-3.37,0.02,17
895,ENJUSDT,DASHUSDT,0.01,-4.05,-3.37,0.01,17
481,BSVUSDT,CEEKUSDT,0.01,-3.85,-3.37,490.9,17
829,ENJUSDT,ALICEUSDT,0.01,-3.89,-3.37,0.2,17
739,EGLDUSDT,CTKUSDT,0.0,-4.88,-3.37,156.48,17
66,1000XECUSDT,ALPACAUSDT,0.0,-4.34,-3.37,0.58,17
322,AXSUSDT,BTCUSDT,0.01,-4.08,-3.37,0.01,17
100,1CATUSDT,AGLDUSDT,0.04,-3.42,-3.37,0.01,17
274,AXSUSDT,AEVOUSDT,0.01,-3.82,-3.37,21.61,17
916,ENJUSDT,FIREUSDT,0.0,-5.27,-3.37,2.09,17
1004,FLOWUSDT,HNTUSDT,0.01,-4.03,-3.37,0.52,17
669,EGLDUSDT,1INCHUSDT,0.0,-4.86,-3.37,98.59,17
67,1000XECUSDT,ALTUSDT,0.0,-4.22,-3.37,0.23,17
1095,FORTHUSDT,CEEKUSDT,0.0,-5.44,-3.37,11.44,17
743,EGLDUSDT,CYBERUSDT,0.0,-4.78,-3.37,61.34,17
695,EGLDUSDT,ARKUSDT,0.0,-4.94,-3.37,941.01,17
1257,HOTUSDT,ALPACAUSDT,0.01,-3.88,-3.37,0.04,17
1325,HOTUSDT,DENTUSDT,0.01,-3.8,-3.37,1.81,17
1219,HIFIUSDT,FETUSDT,0.02,-3.68,-3.37,1.2,17
649,DYDXUSDT,HNTUSDT,0.03,-3.52,-3.37,0.85,17
746,EGLDUSDT,DASHUSDT,0.0,-4.55,-3.37,1.43,17
278,AXSUSDT,AIUSDT,0.01,-3.91,-3.37,61.81,17
856,ENJUSDT,BBUSDT,0.0,-7.09,-3.37,6.51,17
1216,HFTUSDT,BIGTIMEUSDT,0.02,-3.72,-3.37,3.29,17
213,ARKUSDT,FLRUSDT,0.03,-3.58,-3.37,9.29,17
806,ENJUSDT,1000BONKUSDT,0.0,-5.49,-3.37,1440.99,17
855,ENJUSDT,BATUSDT,0.0,-4.21,-3.37,2.24,17
1311,HOTUSDT,COTIUSDT,0.01,-3.8,-3.37,0.02,17
268,AXSUSDT,1INCHUSDT,0.01,-3.84,-3.37,25.54,17
128,ACHUSDT,ARKMUSDT,0.04,-3.43,-3.37,0.07,17
660,EGLDUSDT,1000BTTUSDT,0.0,-4.4,-3.37,139807.32,17
245,AUDIOUSDT,FLOWUSDT,0.04,-3.38,-3.37,0.17,17
92,1000XECUSDT,FETUSDT,0.02,-3.63,-3.37,0.21,17
622,DENTUSDT,GALAUSDT,0.04,-3.45,-3.37,0.04,17
267,AXSUSDT,1CATUSDT,0.01,-4.05,-3.37,6974.95,17
773,EGLDUSDT,FORTHUSDT,0.0,-4.74,-3.37,89.25,17
6,1000000MOGUSDT,ETCUSDT,0.02,-3.74,-3.37,0.02,17
22,10000SATSUSDT,BBUSDT,0.03,-3.49,-3.37,0.0,17
1250,HOTUSDT,AGIUSDT,0.01,-3.98,-3.37,0.23,17
539,COVALUSDT,BAKEUSDT,0.03,-3.59,-3.37,0.03,17
619,DENTUSDT,ENAUSDT,0.0,-4.4,-3.37,0.0,17
504,CELOUSDT,FETUSDT,0.03,-3.52,-3.37,10.82,17
659,EGLDUSDT,1000BONKUSDT,0.0,-4.82,-3.37,161914.88,17
1282,HOTUSDT,BATUSDT,0.01,-3.92,-3.37,0.01,17
381,AXSUSDT,FXSUSDT,0.01,-3.9,-3.37,2.16,17
863,ENJUSDT,BNTUSDT,0.01,-3.95,-3.37,4.36,17
123,ACEUSDT,ACHUSDT,0.03,-3.52,-3.37,383.05,17
874,ENJUSDT,CELOUSDT,0.01,-4.02,-3.37,0.5,17
1119,FORTHUSDT,DEGENUSDT,0.0,-5.84,-3.37,66.72,17
1118,FORTHUSDT,DATAUSDT,0.0,-5.43,-3.37,39.96,17
710,EGLDUSDT,BEAMUSDT,0.0,-5.77,-3.37,31889.72,17
124,ACEUSDT,APEUSDT,0.02,-3.67,-3.37,1.15,17
186,ALPACAUSDT,HIGHUSDT,0.0,-4.26,-3.37,0.05,17
1186,FTNUSDT,GODSUSDT,0.01,-4.09,-3.37,5.57,16
445,BNTUSDT,BSVUSDT,0.05,-3.37,-3.37,0.0,16
93,1000XECUSDT,FILUSDT,0.0,-4.18,-3.37,0.0,16
978,FETUSDT,ETHWUSDT,0.0,-4.54,-3.37,0.06,16
788,EGLDUSDT,GODSUSDT,0.0,-5.85,-3.37,751.55,16
1248,HOTUSDT,AERGOUSDT,0.01,-3.82,-3.37,0.04,16
1040,FORTHUSDT,AAVEUSDT,0.0,-5.43,-3.37,0.01,16
1249,HOTUSDT,AEVOUSDT,0.01,-3.8,-3.37,0.0,16
121,AAVEUSDT,DASHUSDT,0.04,-3.4,-3.37,2.51,16
50,1000LUNCUSDT,BAKEUSDT,0.03,-3.51,-3.37,0.33,16
642,DYDXUSDT,ARKUSDT,0.02,-3.7,-3.37,80.01,16
540,COVALUSDT,BBUSDT,0.02,-3.69,-3.37,0.09,16
1084,FORTHUSDT,BLZUSDT,0.0,-5.35,-3.37,20.25,16
737,EGLDUSDT,CROUSDT,0.0,-4.5,-3.37,344.85,16
1043,FORTHUSDT,AERGOUSDT,0.0,-5.4,-3.37,17.62,16
543,COVALUSDT,COMBOUSDT,0.02,-3.6,-3.37,0.03,16
653,EGLDUSDT,10000COQUSDT,0.0,-6.26,-3.37,4192.51,16
1295,HOTUSDT,BRETTUSDT,0.01,-3.83,-3.37,0.17,16
1157,FORTHUSDT,GRTUSDT,0.0,-5.32,-3.37,4.41,16
1107,FORTHUSDT,COVALUSDT,0.0,-5.62,-3.37,86.18,16
1128,FORTHUSDT,ENAUSDT,0.0,-5.69,-3.37,2.63,16
97,1000XECUSDT,GRTUSDT,0.01,-3.9,-3.37,0.14,16
46,1000IQ50USDT,BSVUSDT,0.02,-3.67,-3.37,0.0,16
1032,FORTHUSDT,1000IQ50USDT,0.0,-5.41,-3.37,55.35,16
538,COVALUSDT,AUCTIONUSDT,0.02,-3.71,-3.37,0.01,16
802,ENJUSDT,10000NFTUSDT,0.0,-4.33,-3.37,120.32,15
1286,HOTUSDT,BELUSDT,0.0,-4.23,-3.37,0.01,15
244,AUDIOUSDT,ENSUSDT,0.02,-3.69,-3.37,0.04,15
1111,FORTHUSDT,CTSIUSDT,0.0,-5.41,-3.37,7.29,15
776,EGLDUSDT,FTMUSDT,0.0,-5.61,-3.37,214.25,15
908,ENJUSDT,ENSUSDT,0.0,-7.56,-3.37,0.04,15
140,ADAUSDT,COMPUSDT,0.04,-3.4,-3.37,0.0,15
519,COMBOUSDT,10000WENUSDT,0.03,-3.49,-3.37,1.73,15
1114,FORTHUSDT,CYBERUSDT,0.0,-5.55,-3.37,0.69,15
1322,HOTUSDT,DASHUSDT,0.01,-3.81,-3.37,0.0,15
532,COTIUSDT,ENAUSDT,0.01,-3.85,-3.37,0.31,15
1243,HOTUSDT,1INCHUSDT,0.02,-3.75,-3.37,0.0,15
786,EGLDUSDT,GMXUSDT,0.0,-6.01,-3.37,6.95,15
904,ENJUSDT,DYDXUSDT,0.0,-4.24,-3.37,0.1,15
1259,HOTUSDT,ALTUSDT,0.01,-3.81,-3.37,0.02,15
721,EGLDUSDT,BSVUSDT,0.0,-5.88,-3.37,2.08,15
1253,HOTUSDT,AIUSDT,0.01,-3.86,-3.37,0.01,15
393,AXSUSDT,HFTUSDT,0.01,-3.97,-3.37,97.03,15
878,ENJUSDT,CHZUSDT,0.0,-5.2,-3.37,7.39,15
601,DEGENUSDT,HIGHUSDT,0.02,-3.7,-3.37,0.01,15
400,BADGERUSDT,COMBOUSDT,0.01,-4.01,-3.37,2.1,15
668,EGLDUSDT,1CATUSDT,0.0,-4.76,-3.37,26924.4,15
303,AXSUSDT,BADGERUSDT,0.01,-3.89,-3.37,33.13,15
605,DENTUSDT,1000BONKUSDT,0.03,-3.58,-3.37,2.22,15
1188,FTNUSDT,HNTUSDT,0.03,-3.5,-3.37,0.07,15
888,ENJUSDT,CTKUSDT,0.0,-5.54,-3.37,1.39,15
607,DENTUSDT,1CATUSDT,0.02,-3.65,-3.37,0.37,15
343,AXSUSDT,CVXUSDT,0.01,-3.81,-3.37,2.59,15
1070,FORTHUSDT,AUDIOUSDT,0.0,-5.65,-3.37,1.26,15
174,ALPACAUSDT,COMBOUSDT,0.01,-3.79,-3.37,0.16,15
1038,FORTHUSDT,1CATUSDT,0.0,-5.55,-3.37,302.75,15
106,1CATUSDT,COSUSDT,0.04,-3.44,-3.37,0.89,15
107,1CATUSDT,COTIUSDT,0.03,-3.54,-3.37,0.03,15
372,AXSUSDT,FLMUSDT,0.0,-4.46,-3.37,411.4,15
215,ARPAUSDT,HFTUSDT,0.03,-3.48,-3.37,0.1,15
618,DENTUSDT,DYMUSDT,0.05,-3.37,-3.37,0.0,15
368,AXSUSDT,FETUSDT,0.01,-3.84,-3.37,155.5,15
846,ENJUSDT,ATAUSDT,0.0,-4.3,-3.37,28.62,15
113,1INCHUSDT,BBUSDT,0.03,-3.47,-3.37,7.36,15
858,ENJUSDT,BEAMUSDT,0.0,-5.28,-3.37,284.15,15
623,DENTUSDT,GLMUSDT,0.04,-3.43,-3.37,0.02,15
297,AXSUSDT,ASTRUSDT,0.01,-4.1,-3.37,276.53,15
1278,HOTUSDT,BADGERUSDT,0.01,-3.78,-3.37,0.0,15
211,ARKUSDT,COTIUSDT,0.02,-3.76,-3.37,0.79,15
1153,FORTHUSDT,GMTUSDT,0.0,-5.41,-3.37,4.02,15
312,AXSUSDT,BIGTIMEUSDT,0.0,-4.27,-3.37,316.68,15
955,ETHUSDT,AGIUSDT,0.02,-3.61,-3.37,66379.37,15
185,ALPACAUSDT,FXSUSDT,0.02,-3.64,-3.37,0.0,15
873,ENJUSDT,CEEKUSDT,0.0,-4.12,-3.37,9.09,15
1354,HOTUSDT,GFTUSDT,0.0,-4.18,-3.37,0.06,15
815,ENJUSDT,1CATUSDT,0.0,-4.26,-3.37,239.8,15
671,EGLDUSDT,ACEUSDT,0.0,-4.69,-3.37,18.52,15
232,AUCTIONUSDT,FOXYUSDT,0.01,-3.77,-3.37,411.19,15
432,BNTUSDT,1000RATSUSDT,0.02,-3.61,-3.37,8.25,15
670,EGLDUSDT,AAVEUSDT,0.0,-4.66,-3.37,0.57,15
157,AIUSDT,FLRUSDT,0.0,-4.61,-3.37,36.26,15
924,ENJUSDT,FTMUSDT,0.01,-4.09,-3.37,1.91,15
892,ENJUSDT,CYBERUSDT,0.0,-4.39,-3.37,0.55,15
310,AXSUSDT,BEAMUSDT,0.01,-3.89,-3.37,8256.05,15
421,BELUSDT,AXLUSDT,0.02,-3.66,-3.37,1.05,15
327,AXSUSDT,CELRUSDT,0.01,-3.82,-3.37,501.06,15
340,AXSUSDT,CTKUSDT,0.01,-3.84,-3.37,40.53,15
95,1000XECUSDT,FLMUSDT,0.01,-3.78,-3.37,0.55,15
1091,FORTHUSDT,BSVUSDT,0.0,-5.57,-3.37,0.02,15
595,DEGENUSDT,ENSUSDT,0.02,-3.63,-3.37,0.0,15
346,AXSUSDT,DARUSDT,0.0,-4.16,-3.37,57.73,15
81,1000XECUSDT,COVALUSDT,0.01,-3.79,-3.37,2.64,14
528,COSUSDT,COVALUSDT,0.04,-3.47,-3.37,0.31,14
655,EGLDUSDT,10000NFTUSDT,0.0,-5.44,-3.37,13496.99,14
571,DASHUSDT,APEXUSDT,0.03,-3.52,-3.37,72.53,14
1234,HOTUSDT,1000BTTUSDT,0.01,-3.97,-3.37,3.45,14
662,EGLDUSDT,1000IQ50USDT,0.0,-6.28,-3.37,4935.13,14
666,EGLDUSDT,1000TURBOUSDT,0.0,-5.35,-3.37,248.73,14
714,EGLDUSDT,BLZUSDT,0.0,-5.59,-3.37,1805.31,14
544,COVALUSDT,DODOUSDT,0.0,-4.55,-3.37,0.09,14
597,DEGENUSDT,FETUSDT,0.01,-3.98,-3.37,0.1,14
592,DEGENUSDT,DATAUSDT,0.03,-3.55,-3.37,0.6,14
1301,HOTUSDT,CELOUSDT,0.01,-3.78,-3.37,0.0,14
554,CTSIUSDT,ANKRUSDT,0.03,-3.55,-3.37,2.81,14
588,DEGENUSDT,COREUSDT,0.03,-3.56,-3.37,0.01,14
758,EGLDUSDT,ENAUSDT,0.0,-4.64,-3.37,234.98,14
581,DEGENUSDT,ARBUSDT,0.04,-3.45,-3.37,0.03,14
575,DATAUSDT,DENTUSDT,0.03,-3.51,-3.37,20.33,14
159,AKROUSDT,ANKRUSDT,0.04,-3.4,-3.37,0.03,14
239,AUDIOUSDT,CTKUSDT,0.03,-3.52,-3.37,1.4,14
524,COREUSDT,ETHWUSDT,0.0,-4.22,-3.37,0.44,14
862,ENJUSDT,BLZUSDT,0.0,-5.05,-3.37,16.08,14
313,AXSUSDT,BLURUSDT,0.01,-3.88,-3.37,62.83,14
314,AXSUSDT,BLZUSDT,0.01,-3.88,-3.37,467.33,14
1179,FTNUSDT,ARBUSDT,0.02,-3.65,-3.37,1.53,14
1361,HOTUSDT,GRTUSDT,0.01,-3.93,-3.37,0.01,14
90,1000XECUSDT,EOSUSDT,0.0,-4.28,-3.37,0.02,14
1176,FTNUSDT,AAVEUSDT,0.02,-3.75,-3.37,0.0,14
120,AAVEUSDT,CHZUSDT,0.0,-4.73,-3.37,1456.41,14
958,ETHUSDT,BEAMUSDT,0.03,-3.53,-3.37,222397.38,14
1318,HOTUSDT,CVXUSDT,0.01,-4.01,-3.37,0.0,14
439,BNTUSDT,AUCTIONUSDT,0.03,-3.48,-3.37,0.08,14
1209,HBARUSDT,ENAUSDT,0.03,-3.56,-3.37,0.33,14
149,AGIUSDT,FUNUSDT,0.01,-3.79,-3.37,3.67,14
1221,HIFIUSDT,HNTUSDT,0.05,-3.37,-3.37,0.02,14
391,AXSUSDT,GRTUSDT,0.0,-4.62,-3.37,101.7,14
415,BATUSDT,AXLUSDT,0.04,-3.43,-3.37,1.3,14
99,1CATUSDT,1000LUNCUSDT,0.01,-3.78,-3.37,0.03,14
311,AXSUSDT,BELUSDT,0.01,-3.87,-3.37,80.8,14
800,ENJUSDT,10000COQUSDT,0.01,-4.02,-3.37,37.38,14
1289,HOTUSDT,BLZUSDT,0.01,-3.8,-3.37,0.04,14
1117,FORTHUSDT,DASHUSDT,0.0,-5.44,-3.37,0.02,14
1220,HIFIUSDT,GMXUSDT,0.03,-3.59,-3.37,0.01,14
1203,GMXUSDT,FETUSDT,0.0,-4.23,-3.37,86.53,14
1199,GMXUSDT,CELOUSDT,0.04,-3.4,-3.37,8.0,14
734,EGLDUSDT,COSUSDT,0.0,-4.7,-3.37,24872.0,13
1197,GLMUSDT,1000BONKUSDT,0.05,-3.38,-3.37,125.63,13
1198,GLMUSDT,ARKMUSDT,0.03,-3.57,-3.37,0.4,13
729,EGLDUSDT,CHZUSDT,0.0,-5.75,-3.37,829.6,13
1303,HOTUSDT,CETUSUSDT,0.01,-3.8,-3.37,0.05,13
1298,HOTUSDT,C98USDT,0.01,-3.83,-3.37,0.0,13
362,AXSUSDT,ENSUSDT,0.0,-4.27,-3.37,1.29,13
112,1CATUSDT,FXSUSDT,0.01,-4.04,-3.37,0.0,13
13,10000LADYSUSDT,DASHUSDT,0.03,-3.54,-3.37,0.0,13
840,ENJUSDT,ARBUSDT,0.0,-6.41,-3.37,1.84,13
1082,FORTHUSDT,BIGTIMEUSDT,0.0,-5.46,-3.37,13.76,13
1233,HOTUSDT,1000BONKUSDT,0.01,-3.93,-3.37,3.99,13
1284,HOTUSDT,BCHUSDT,0.0,-4.29,-3.37,0.0,13
389,AXSUSDT,GNOUSDT,0.01,-3.91,-3.37,0.23,13
702,EGLDUSDT,AXLUSDT,0.0,-4.27,-3.37,327.6,13
395,AXSUSDT,HIGHUSDT,0.01,-3.84,-3.37,20.16,13
740,EGLDUSDT,CTSIUSDT,0.0,-4.67,-3.37,652.02,13
1063,FORTHUSDT,ARKMUSDT,0.0,-5.57,-3.37,5.91,13
138,ADAUSDT,APEUSDT,0.03,-3.5,-3.37,0.17,13
212,ARKUSDT,CTKUSDT,0.04,-3.45,-3.37,0.17,13
55,1000RATSUSDT,BOBAUSDT,0.05,-3.38,-3.37,0.04,13
1205,GRTUSDT,DARUSDT,0.03,-3.52,-3.37,0.57,13
341,AXSUSDT,CTSIUSDT,0.0,-4.59,-3.37,168.74,13
57,1000RATSUSDT,COSUSDT,0.02,-3.71,-3.37,6.07,13
1299,HOTUSDT,CAKEUSDT,0.01,-3.81,-3.37,0.0,13
715,EGLDUSDT,BNTUSDT,0.01,-3.79,-3.37,489.44,13
41,1000BONKUSDT,ARKMUSDT,0.02,-3.61,-3.37,0.0,13
300,AXSUSDT,AUDIOUSDT,0.01,-3.92,-3.37,29.05,13
37,10000WENUSDT,HIGHUSDT,0.02,-3.74,-3.37,0.17,13
231,AUCTIONUSDT,FLRUSDT,0.0,-4.26,-3.37,212.75,13
1045,FORTHUSDT,AGIUSDT,0.0,-5.34,-3.37,106.63,13
166,ALPACAUSDT,1CATUSDT,0.0,-4.88,-3.37,16.18,13
674,EGLDUSDT,AERGOUSDT,0.0,-5.62,-3.37,1573.76,13
678,EGLDUSDT,AGLDUSDT,0.0,-4.76,-3.37,250.66,13
886,ENJUSDT,CROUSDT,0.0,-5.03,-3.37,3.07,13
679,EGLDUSDT,AIUSDT,0.0,-4.72,-3.37,238.64,13
75,1000XECUSDT,BIGTIMEUSDT,0.01,-3.97,-3.37,0.42,13
1048,FORTHUSDT,AIUSDT,0.0,-5.71,-3.37,2.68,13
319,AXSUSDT,BONDUSDT,0.0,-4.13,-3.37,18.28,13
321,AXSUSDT,BSVUSDT,0.01,-3.91,-3.37,0.54,13
644,DYDXUSDT,BONDUSDT,0.02,-3.76,-3.37,5.97,13
643,DYDXUSDT,BBUSDT,0.04,-3.41,-3.37,62.1,13
724,EGLDUSDT,CEEKUSDT,0.0,-4.61,-3.37,1020.37,13
148,AGIUSDT,FOXYUSDT,0.03,-3.51,-3.37,1.76,13
1155,FORTHUSDT,GNOUSDT,0.0,-5.88,-3.37,0.01,13
105,1CATUSDT,BBUSDT,0.01,-4.09,-3.37,0.03,13
945,ENSUSDT,1000BONKUSDT,0.04,-3.4,-3.37,32829.0,13
77,1000XECUSDT,BRETTUSDT,0.03,-3.56,-3.37,2.34,13
583,DEGENUSDT,BALUSDT,0.04,-3.43,-3.37,0.0,13
1139,FORTHUSDT,FLMUSDT,0.0,-5.43,-3.37,17.84,13
748,EGLDUSDT,DEGENUSDT,0.0,-6.06,-3.37,5947.8,13
478,BSVUSDT,BAKEUSDT,0.02,-3.74,-3.37,115.49,13
194,ANKRUSDT,ARUSDT,0.04,-3.43,-3.37,0.0,13
760,EGLDUSDT,ENSUSDT,0.0,-4.92,-3.37,4.99,13
578,DEGENUSDT,10000WENUSDT,0.01,-3.81,-3.37,0.08,13
1129,FORTHUSDT,ENSUSDT,0.0,-5.52,-3.37,0.06,13
86,1000XECUSDT,DEGENUSDT,0.01,-3.79,-3.37,2.04,13
472,BOBAUSDT,FOXYUSDT,0.0,-5.63,-3.37,95.12,13
535,COVALUSDT,1000BONKUSDT,0.02,-3.73,-3.37,21.18,13
513,CFXUSDT,DODOUSDT,0.03,-3.55,-3.37,0.69,13
455,BNTUSDT,EOSUSDT,0.03,-3.56,-3.37,0.14,13
598,DEGENUSDT,FLOWUSDT,0.01,-4.04,-3.37,0.0,13
1310,HOTUSDT,COSUSDT,0.01,-3.83,-3.37,0.61,13
1105,FORTHUSDT,COSUSDT,0.0,-5.51,-3.37,278.8,13
584,DEGENUSDT,CAKEUSDT,0.04,-3.42,-3.37,0.02,13
1315,HOTUSDT,CTKUSDT,0.02,-3.74,-3.37,0.0,13
410,BANDUSDT,FOXYUSDT,0.05,-3.37,-3.37,259.24,13
823,ENJUSDT,AGIUSDT,0.0,-4.15,-3.37,84.91,13
414,BATUSDT,ALTUSDT,0.04,-3.42,-3.37,2.69,13
791,EGLDUSDT,HFTUSDT,0.0,-4.46,-3.37,374.67,13
1008,FLRUSDT,ARKMUSDT,0.0,-6.98,-3.37,0.06,13
1272,HOTUSDT,ASTRUSDT,0.01,-3.91,-3.37,0.03,13
789,EGLDUSDT,GRTUSDT,0.01,-4.03,-3.37,392.86,13
822,ENJUSDT,AEVOUSDT,0.0,-4.2,-3.37,0.74,13
767,EGLDUSDT,FILUSDT,0.0,-5.88,-3.37,4.74,13
1331,HOTUSDT,DYMUSDT,0.01,-3.77,-3.37,0.0,13
960,ETHUSDT,C98USDT,0.02,-3.71,-3.37,489.97,13
288,AXSUSDT,APEUSDT,0.0,-4.25,-3.37,5.55,12
491,BTCUSDT,ENAUSDT,0.03,-3.5,-3.37,5880.88,12
474,BRETTUSDT,FIREUSDT,0.03,-3.48,-3.37,0.03,12
1227,HOTUSDT,10000COQUSDT,0.0,-5.04,-3.37,0.1,12
289,AXSUSDT,APEXUSDT,0.01,-3.92,-3.37,26.97,12
78,1000XECUSDT,CELRUSDT,0.05,-3.37,-3.37,0.66,12
122,ACEUSDT,10000LADYSUSDT,0.02,-3.65,-3.37,13571.77,12
1135,FORTHUSDT,FETUSDT,0.0,-5.66,-3.37,6.73,12
261,AXSUSDT,1000IQ50USDT,0.0,-4.21,-3.37,1277.27,12
1097,FORTHUSDT,CELRUSDT,0.0,-5.43,-3.37,21.68,12
1096,FORTHUSDT,CELOUSDT,0.0,-5.46,-3.37,0.62,12
1123,FORTHUSDT,DOTUSDT,0.0,-5.42,-3.37,0.08,12
203,APTUSDT,ARUSDT,0.02,-3.6,-3.37,0.15,12
953,ETHUSDT,10000LADYSUSDT,0.03,-3.54,-3.37,1749939.49,12
436,BNTUSDT,API3USDT,0.0,-5.36,-3.37,0.08,12
416,BATUSDT,BEAMUSDT,0.03,-3.57,-3.37,126.37,12
396,AXSUSDT,HNTUSDT,0.01,-3.82,-3.37,2.58,12
936,ENJUSDT,GODSUSDT,0.0,-5.33,-3.37,6.7,12
698,EGLDUSDT,ASTRUSDT,0.0,-4.74,-3.37,1067.88,12
1264,HOTUSDT,APEXUSDT,0.01,-3.84,-3.37,0.0,12
423,BIGTIMEUSDT,1000BONKUSDT,0.0,-4.11,-3.37,132.05,12
59,1000RATSUSDT,DAOUSDT,0.05,-3.37,-3.37,0.0,12
996,FITFIUSDT,CROUSDT,0.0,-14.07,-3.37,0.02,12
1236,HOTUSDT,1000IQ50USDT,0.01,-3.81,-3.37,0.12,12
115,1INCHUSDT,DEGENUSDT,0.02,-3.69,-3.37,60.17,12
1023,FORTHUSDT,10000COQUSDT,0.0,-5.43,-3.37,47.07,12
1171,FTMUSDT,APEXUSDT,0.01,-3.8,-3.37,0.48,12
1208,HBARUSDT,EDUUSDT,0.04,-3.41,-3.37,0.35,12
450,BNTUSDT,DAOUSDT,0.01,-4.0,-3.37,0.0,12
65,1000XECUSDT,ALICEUSDT,0.04,-3.46,-3.37,0.01,12
972,ETHWUSDT,ENAUSDT,0.03,-3.57,-3.37,6.1,12
162,ALICEUSDT,AEVOUSDT,0.03,-3.56,-3.37,3.73,12
1313,HOTUSDT,CROUSDT,0.01,-4.04,-3.37,0.01,12
703,EGLDUSDT,BADGERUSDT,0.0,-4.73,-3.37,127.93,11
906,ENJUSDT,EDUUSDT,0.01,-4.0,-3.37,2.17,11
777,EGLDUSDT,FTNUSDT,0.0,-4.75,-3.37,134.94,11
712,EGLDUSDT,BIGTIMEUSDT,0.0,-4.54,-3.37,1223.39,11
902,ENJUSDT,DOTUSDT,0.0,-5.31,-3.37,0.07,11
1017,FLRUSDT,GLMUSDT,0.0,-5.01,-3.37,0.15,11
39,10000WENUSDT,HOOKUSDT,0.05,-3.37,-3.37,0.2,11
897,ENJUSDT,DEGENUSDT,0.0,-4.36,-3.37,52.99,11
825,ENJUSDT,AGLDUSDT,0.0,-4.3,-3.37,2.23,11
790,EGLDUSDT,HBARUSDT,0.0,-4.6,-3.37,704.77,11
860,ENJUSDT,BIGTIMEUSDT,0.0,-6.38,-3.37,10.89,11
821,ENJUSDT,AERGOUSDT,0.01,-4.06,-3.37,14.03,11
948,EOSUSDT,ANKRUSDT,0.03,-3.56,-3.37,26.2,11
1001,FLOWUSDT,CAKEUSDT,0.01,-3.89,-3.37,6.59,11
736,EGLDUSDT,COVALUSDT,0.0,-5.85,-3.37,7673.9,11
998,FITFIUSDT,GMTUSDT,0.0,-inf,-3.37,0.02,11
819,ENJUSDT,ACHUSDT,0.0,-4.32,-3.37,63.45,11
35,10000WENUSDT,ENAUSDT,0.03,-3.51,-3.37,0.48,11
52,1000RATSUSDT,ALPACAUSDT,0.0,-5.1,-3.37,0.41,11
859,ENJUSDT,BELUSDT,0.01,-4.11,-3.37,2.78,11
808,ENJUSDT,1000FLOKIUSDT,0.0,-4.19,-3.37,51.04,11
889,ENJUSDT,CTSIUSDT,0.01,-3.87,-3.37,5.81,11
918,ENJUSDT,FLMUSDT,0.01,-4.08,-3.37,14.16,11
725,EGLDUSDT,CELOUSDT,0.0,-4.35,-3.37,55.67,11
753,EGLDUSDT,DOTUSDT,0.0,-5.86,-3.37,7.53,11
803,ENJUSDT,10000SATSUSDT,0.0,-4.19,-3.37,1308.29,11
915,ENJUSDT,FILUSDT,0.0,-5.3,-3.37,0.04,11
914,ENJUSDT,FETUSDT,0.0,-4.29,-3.37,5.35,11
49,1000IQ50USDT,FOXYUSDT,0.0,-5.36,-3.37,3.39,11
969,ETHUSDT,GMTUSDT,0.05,-3.37,-3.37,2505.11,11
885,ENJUSDT,COVALUSDT,0.0,-4.14,-3.37,68.41,11
1279,HOTUSDT,BAKEUSDT,0.01,-3.94,-3.37,0.01,11
1106,FORTHUSDT,COTIUSDT,0.0,-5.68,-3.37,8.37,11
1059,FORTHUSDT,APEXUSDT,0.0,-5.51,-3.37,1.17,11
284,AXSUSDT,ALTUSDT,0.0,-4.14,-3.37,176.2,11
304,AXSUSDT,BAKEUSDT,0.01,-4.09,-3.37,61.9,11
1178,FTNUSDT,AKROUSDT,0.04,-3.39,-3.37,418.13,11
325,AXSUSDT,CEEKUSDT,0.01,-4.05,-3.37,264.18,11
335,AXSUSDT,COSUSDT,0.0,-4.15,-3.37,6439.01,11
534,COTIUSDT,GALAUSDT,0.04,-3.45,-3.37,3.81,11
614,DENTUSDT,BTCUSDT,0.02,-3.65,-3.37,0.0,11
349,AXSUSDT,DEGENUSDT,0.01,-3.93,-3.37,1540.43,11
12,10000LADYSUSDT,AAVEUSDT,0.03,-3.58,-3.37,0.0,11
109,1CATUSDT,DYMUSDT,0.01,-3.94,-3.37,0.0,11
14,10000NFTUSDT,ALPACAUSDT,0.02,-3.62,-3.37,0.12,11
387,AXSUSDT,GMTUSDT,0.01,-3.88,-3.37,92.93,11
594,DEGENUSDT,ENAUSDT,0.0,-4.21,-3.37,0.04,11
577,DEGENUSDT,10000NFTUSDT,0.02,-3.62,-3.37,2.25,11
406,BAKEUSDT,DODOUSDT,0.04,-3.43,-3.37,2.86,11
1152,FORTHUSDT,GLMUSDT,0.0,-5.58,-3.37,14.67,11
1092,FORTHUSDT,BTCUSDT,0.0,-5.61,-3.37,0.0,11
1148,FORTHUSDT,GALAUSDT,0.0,-5.62,-3.37,32.31,11
443,BNTUSDT,BIGTIMEUSDT,0.03,-3.54,-3.37,2.51,11
1324,HOTUSDT,DEGENUSDT,0.01,-3.89,-3.37,0.15,11
485,BSVUSDT,FOXYUSDT,0.01,-4.03,-3.37,8040.17,11
1121,FORTHUSDT,DODOUSDT,0.0,-5.71,-3.37,7.77,11
1102,FORTHUSDT,COMBOUSDT,0.0,-5.44,-3.37,3.01,11
1116,FORTHUSDT,DARUSDT,0.0,-5.51,-3.37,2.51,11
83,1000XECUSDT,CTSIUSDT,0.0,-4.23,-3.37,0.22,11
550,CTKUSDT,GALAUSDT,0.0,-5.24,-3.37,18.1,11
1307,HOTUSDT,COMBOUSDT,0.01,-3.84,-3.37,0.01,11
530,COSUSDT,FOXYUSDT,0.0,-4.84,-3.37,0.67,11
287,AXSUSDT,ANTUSDT,0.0,-4.34,-3.37,8.77,11
545,COVALUSDT,FLRUSDT,0.04,-3.4,-3.37,1.11,11
634,DODOUSDT,FOXYUSDT,0.03,-3.58,-3.37,24.18,11
137,ADAUSDT,ALGOUSDT,0.01,-3.98,-3.37,1.16,11
693,EGLDUSDT,ARBUSDT,0.0,-5.97,-3.37,206.68,11
173,ALPACAUSDT,CFXUSDT,0.01,-3.78,-3.37,0.59,11
1230,HOTUSDT,10000SATSUSDT,0.01,-3.98,-3.37,3.63,11
1297,HOTUSDT,BTCUSDT,0.01,-3.77,-3.37,0.0,11
209,ARKUSDT,AIUSDT,0.02,-3.69,-3.37,0.25,11
681,EGLDUSDT,ALGOUSDT,0.0,-4.71,-3.37,142.7,11
150,AGIXUSDT,1000TURBOUSDT,0.03,-3.59,-3.37,0.39,11
680,EGLDUSDT,AKROUSDT,0.0,-4.66,-3.37,56503.42,11
675,EGLDUSDT,AEVOUSDT,0.0,-5.87,-3.37,83.51,11
1210,HBARUSDT,FETUSDT,0.04,-3.4,-3.37,0.85,11
223,ARUSDT,FRONTUSDT,0.01,-3.96,-3.37,164.88,11
667,EGLDUSDT,1000XECUSDT,0.0,-5.85,-3.37,2912.3,11
220,ARUSDT,CRVUSDT,0.02,-3.74,-3.37,14.03,11
282,AXSUSDT,ALPACAUSDT,0.0,-4.14,-3.37,434.51,11
279,AXSUSDT,AKROUSDT,0.0,-4.14,-3.37,14644.04,11
1074,FORTHUSDT,BAKEUSDT,0.0,-5.58,-3.37,2.68,11
1185,FTNUSDT,FETUSDT,0.04,-3.38,-3.37,4.45,11
1300,HOTUSDT,CEEKUSDT,0.0,-4.11,-3.37,0.03,11
136,ADAUSDT,AEVOUSDT,0.0,-4.39,-3.37,0.68,11
1348,HOTUSDT,FTMUSDT,0.01,-3.92,-3.37,0.01,10
804,ENJUSDT,10000STARLUSDT,0.0,-5.27,-3.37,37.85,10
1228,HOTUSDT,10000LADYSUSDT,0.01,-3.94,-3.37,6.19,10
1215,HFTUSDT,AXLUSDT,0.01,-3.87,-3.37,0.87,10
787,EGLDUSDT,GNOUSDT,0.0,-5.7,-3.37,0.88,10
1288,HOTUSDT,BLURUSDT,0.01,-3.8,-3.37,0.01,10
962,ETHUSDT,COVALUSDT,0.03,-3.57,-3.37,53606.68,10
89,1000XECUSDT,ENAUSDT,0.02,-3.65,-3.37,0.08,10
1271,HOTUSDT,ARUSDT,0.01,-3.98,-3.37,0.0,10
809,ENJUSDT,1000IQ50USDT,0.0,-5.08,-3.37,43.99,10
837,ENJUSDT,APEXUSDT,0.0,-5.32,-3.37,0.93,10
1192,FXSUSDT,GLMUSDT,0.04,-3.44,-3.37,156.82,10
1332,HOTUSDT,EDUUSDT,0.01,-3.77,-3.37,0.01,10
338,AXSUSDT,CROUSDT,0.01,-3.92,-3.37,89.27,10
252,AXSUSDT,10000COQUSDT,0.01,-3.77,-3.37,1086.19,10
62,1000XECUSDT,10000STARLUSDT,0.02,-3.65,-3.37,1.47,10
357,AXSUSDT,DYMUSDT,0.01,-3.87,-3.37,8.88,10
286,AXSUSDT,ANKRUSDT,0.0,-4.68,-3.37,473.0,10
1156,FORTHUSDT,GODSUSDT,0.0,-5.61,-3.37,8.42,10
1339,HOTUSDT,FETUSDT,0.01,-3.82,-3.37,0.01,10
15,10000NFTUSDT,CELOUSDT,0.03,-3.53,-3.37,0.0,10
845,ENJUSDT,ASTRUSDT,0.0,-4.27,-3.37,9.52,10
147,AGIUSDT,APTUSDT,0.02,-3.6,-3.37,0.0,10
861,ENJUSDT,BLURUSDT,0.0,-4.27,-3.37,2.16,10
163,ALICEUSDT,BELUSDT,0.03,-3.53,-3.37,13.87,10
1066,FORTHUSDT,ARUSDT,0.0,-5.48,-3.37,0.05,10
752,EGLDUSDT,DOGEUSDT,0.0,-4.21,-3.37,2950.79,10
1090,FORTHUSDT,BRETTUSDT,0.0,-5.6,-3.37,76.42,10
164,ALICEUSDT,FLRUSDT,0.03,-3.59,-3.37,390.13,10
1072,FORTHUSDT,AXLUSDT,0.0,-5.46,-3.37,3.66,10
1290,HOTUSDT,BNTUSDT,0.01,-4.06,-3.37,0.01,10
685,EGLDUSDT,ALTUSDT,0.0,-4.46,-3.37,680.77,10
657,EGLDUSDT,10000STARLUSDT,0.0,-5.84,-3.37,4247.17,10
609,DENTUSDT,AIUSDT,0.03,-3.49,-3.37,0.0,10
324,AXSUSDT,CAKEUSDT,0.01,-3.85,-3.37,32.92,9
990,FIREUSDT,CKBUSDT,0.03,-3.58,-3.37,83.47,9
989,FIREUSDT,CFXUSDT,0.04,-3.4,-3.37,4.19,9
1240,HOTUSDT,1000TURBOUSDT,0.0,-4.23,-3.37,0.01,9
80,1000XECUSDT,COSUSDT,0.0,-4.41,-3.37,8.55,9
320,AXSUSDT,BRETTUSDT,0.01,-4.09,-3.37,1762.82,9
731,EGLDUSDT,COMBOUSDT,0.0,-4.78,-3.37,268.03,9
315,AXSUSDT,BNTUSDT,0.0,-4.27,-3.37,126.73,9
1343,HOTUSDT,FLMUSDT,0.01,-3.89,-3.37,0.04,9
71,1000XECUSDT,BADGERUSDT,0.01,-3.98,-3.37,0.04,9
301,AXSUSDT,AVAXUSDT,0.01,-3.97,-3.37,1.19,9
991,FIREUSDT,DARUSDT,0.01,-3.78,-3.37,0.95,9
74,1000XECUSDT,BEAMUSDT,0.02,-3.6,-3.37,10.93,9
332,AXSUSDT,COMBOUSDT,0.01,-3.85,-3.37,69.45,9
334,AXSUSDT,COREUSDT,0.01,-3.85,-3.37,20.9,9
880,ENJUSDT,COMBOUSDT,0.0,-4.23,-3.37,2.39,9
337,AXSUSDT,COVALUSDT,0.01,-3.88,-3.37,1987.93,9
1261,HOTUSDT,ANKRUSDT,0.01,-4.06,-3.37,0.04,9
1172,FTMUSDT,APTUSDT,0.01,-3.83,-3.37,0.14,9
1263,HOTUSDT,APEUSDT,0.01,-3.81,-3.37,0.0,9
853,ENJUSDT,BALUSDT,0.0,-4.29,-3.37,0.14,9
852,ENJUSDT,BAKEUSDT,0.0,-4.2,-3.37,2.13,9
1359,HOTUSDT,GNOUSDT,0.0,-4.16,-3.37,0.0,9
995,FITFIUSDT,ANKRUSDT,0.0,-14.07,-3.37,0.08,9
604,DENTUSDT,10000SATSUSDT,0.01,-3.83,-3.37,2.01,9
602,DEGENUSDT,HNTUSDT,0.01,-3.92,-3.37,0.0,9
299,AXSUSDT,AUCTIONUSDT,0.01,-4.0,-3.37,10.54,9
639,DYDXUSDT,10000WENUSDT,0.02,-3.68,-3.37,38.94,9
70,1000XECUSDT,AUCTIONUSDT,0.0,-4.24,-3.37,0.01,9
629,DODOUSDT,1000LUNCUSDT,0.03,-3.54,-3.37,1.04,9
946,ENSUSDT,FLRUSDT,0.04,-3.38,-3.37,1723.17,9
1232,HOTUSDT,10000WENUSDT,0.01,-3.82,-3.37,0.01,9
183,ALPACAUSDT,FOXYUSDT,0.0,-4.46,-3.37,9.97,9
1358,HOTUSDT,GMXUSDT,0.02,-3.75,-3.37,0.0,9
207,ARKUSDT,10000WENUSDT,0.04,-3.38,-3.37,0.49,9
961,ETHUSDT,CEEKUSDT,0.02,-3.71,-3.37,7121.72,9
711,EGLDUSDT,BELUSDT,0.0,-5.49,-3.37,312.25,9
672,EGLDUSDT,ACHUSDT,0.0,-4.78,-3.37,7120.34,9
1207,HBARUSDT,BONDUSDT,0.04,-3.46,-3.37,0.1,9
146,AEVOUSDT,ALGOUSDT,0.04,-3.45,-3.37,1.69,9
1276,HOTUSDT,AVAXUSDT,0.01,-3.79,-3.37,0.0,9
909,ENJUSDT,EOSUSDT,0.0,-5.29,-3.37,0.62,9
243,AUDIOUSDT,ENAUSDT,0.02,-3.72,-3.37,2.09,9
1069,FORTHUSDT,AUCTIONUSDT,0.0,-5.53,-3.37,0.46,9
1047,FORTHUSDT,AGLDUSDT,0.0,-5.44,-3.37,2.81,9
1071,FORTHUSDT,AVAXUSDT,0.0,-5.44,-3.37,0.05,9
901,ENJUSDT,DOGEUSDT,0.02,-3.63,-3.37,26.29,9
258,AXSUSDT,1000BONKUSDT,0.01,-3.98,-3.37,41920.66,9
135,ADAUSDT,10000LADYSUSDT,0.01,-3.98,-3.37,2028.27,9
977,FETUSDT,DYMUSDT,0.02,-3.63,-3.37,0.06,9
264,AXSUSDT,1000RATSUSDT,0.0,-4.3,-3.37,1043.87,9
1246,HOTUSDT,ACHUSDT,0.01,-3.81,-3.37,0.18,9
645,DYDXUSDT,CAKEUSDT,0.04,-3.46,-3.37,10.85,9
1075,FORTHUSDT,BALUSDT,0.0,-5.7,-3.37,0.18,9
280,AXSUSDT,ALGOUSDT,0.01,-3.83,-3.37,36.96,9
1162,FORTHUSDT,HNTUSDT,0.0,-5.54,-3.37,0.11,9
1081,FORTHUSDT,BELUSDT,0.0,-5.43,-3.37,3.49,9
841,ENJUSDT,ARKMUSDT,0.0,-6.44,-3.37,4.7,9
857,ENJUSDT,BCHUSDT,0.01,-4.1,-3.37,0.01,9
1000,FLOWUSDT,BBUSDT,0.02,-3.6,-3.37,37.74,9
818,ENJUSDT,ACEUSDT,0.0,-5.29,-3.37,0.17,9
1098,FORTHUSDT,CETUSUSDT,0.0,-5.38,-3.37,21.81,9
446,BNTUSDT,CFXUSDT,0.01,-3.91,-3.37,2.02,9
1005,FLRUSDT,1000BONKUSDT,0.01,-4.03,-3.37,18.39,9
561,CVXUSDT,FUNUSDT,0.03,-3.5,-3.37,3504.27,9
451,BNTUSDT,DARUSDT,0.0,-4.92,-3.37,0.46,9
24,10000SATSUSDT,BTCUSDT,0.04,-3.46,-3.37,0.0,9
459,BNTUSDT,FIREUSDT,0.01,-4.0,-3.37,0.47,9
805,ENJUSDT,10000WENUSDT,0.0,-5.38,-3.37,4.09,9
1099,FORTHUSDT,CFXUSDT,0.0,-5.36,-3.37,11.06,9
1161,FORTHUSDT,HIGHUSDT,0.0,-5.72,-3.37,0.87,9
462,BNTUSDT,GNOUSDT,0.02,-3.61,-3.37,0.0,9
557,CTSIUSDT,ENSUSDT,0.03,-3.52,-3.37,0.01,9
479,BSVUSDT,BALUSDT,0.02,-3.65,-3.37,7.6,9
797,ENAUSDT,ENSUSDT,0.02,-3.63,-3.37,0.02,9
1009,FLRUSDT,BAKEUSDT,0.03,-3.54,-3.37,0.03,9
1012,FLRUSDT,CRVUSDT,0.02,-3.61,-3.37,0.01,9
1013,FLRUSDT,DODOUSDT,0.02,-3.61,-3.37,0.08,9
1026,FORTHUSDT,10000SATSUSDT,0.0,-5.44,-3.37,1649.86,9
488,BSVUSDT,GNOUSDT,0.04,-3.39,-3.37,0.42,9
1314,HOTUSDT,CRVUSDT,0.0,-4.12,-3.37,0.0,9
785,EGLDUSDT,GMTUSDT,0.0,-4.7,-3.37,359.25,9
510,CFXUSDT,COSUSDT,0.04,-3.39,-3.37,24.82,9
551,CTKUSDT,HNTUSDT,0.01,-3.91,-3.37,0.06,9
778,EGLDUSDT,FUNUSDT,0.0,-5.72,-3.37,34931.92,9
770,EGLDUSDT,FLMUSDT,0.0,-4.56,-3.37,1589.37,9
1094,FORTHUSDT,CAKEUSDT,0.0,-5.41,-3.37,1.42,9
1255,HOTUSDT,ALGOUSDT,0.01,-3.86,-3.37,0.0,9
836,ENJUSDT,APEUSDT,0.0,-5.26,-3.37,0.19,9
1036,FORTHUSDT,1000TURBOUSDT,0.0,-5.32,-3.37,2.78,9
1093,FORTHUSDT,C98USDT,0.0,-5.37,-3.37,0.79,9
1334,HOTUSDT,ENSUSDT,0.02,-3.76,-3.37,0.0,9
103,1CATUSDT,BADGERUSDT,0.01,-3.79,-3.37,0.0,9
1254,HOTUSDT,AKROUSDT,0.01,-4.08,-3.37,1.39,9
582,DEGENUSDT,BAKEUSDT,0.04,-3.43,-3.37,0.04,9
765,EGLDUSDT,ETHWUSDT,0.0,-5.43,-3.37,35.93,8
965,ETHUSDT,DOTUSDT,0.02,-3.69,-3.37,52.52,8
713,EGLDUSDT,BLURUSDT,0.0,-5.85,-3.37,242.48,8
226,AUCTIONUSDT,BANDUSDT,0.03,-3.51,-3.37,1.59,8
870,ENJUSDT,BTCUSDT,0.0,-5.23,-3.37,0.0,8
738,EGLDUSDT,CRVUSDT,0.0,-4.74,-3.37,64.07,8
1350,HOTUSDT,FUNUSDT,0.01,-4.02,-3.37,0.86,8
1202,GMXUSDT,ETHWUSDT,0.02,-3.71,-3.37,5.18,8
1127,FORTHUSDT,EDUUSDT,0.0,-5.7,-3.37,2.73,8
697,EGLDUSDT,ARUSDT,0.0,-5.88,-3.37,4.58,8
503,CELOUSDT,DYMUSDT,0.03,-3.49,-3.37,0.61,8
1024,FORTHUSDT,10000LADYSUSDT,0.0,-5.34,-3.37,2806.39,8
606,DENTUSDT,1000LUNCUSDT,0.04,-3.45,-3.37,0.01,8
367,AXSUSDT,ETHWUSDT,0.02,-3.71,-3.37,9.29,8
687,EGLDUSDT,ANKRUSDT,0.0,-5.91,-3.37,1823.27,8
512,CFXUSDT,DAOUSDT,0.0,-4.64,-3.37,0.0,8
780,EGLDUSDT,GALAUSDT,0.0,-4.87,-3.37,2886.11,8
689,EGLDUSDT,APEUSDT,0.0,-4.73,-3.37,21.41,8
1355,HOTUSDT,GLMRUSDT,0.01,-4.03,-3.37,0.0,8
42,1000BTTUSDT,DASHUSDT,0.03,-3.55,-3.37,0.0,8
182,ALPACAUSDT,FETUSDT,0.0,-4.21,-3.37,0.36,8
160,AKROUSDT,ARUSDT,0.03,-3.52,-3.37,0.0,8
1238,HOTUSDT,1000PEPEUSDT,0.01,-3.8,-3.37,2.79,8
1089,FORTHUSDT,BONDUSDT,0.0,-5.43,-3.37,0.79,8
834,ENJUSDT,ANKRUSDT,0.0,-4.23,-3.37,16.25,8
980,FETUSDT,HNTUSDT,0.04,-3.44,-3.37,0.02,8
1085,FORTHUSDT,BNTUSDT,0.0,-5.49,-3.37,5.49,8
411,BATUSDT,10000STARLUSDT,0.01,-3.88,-3.37,16.73,8
573,DASHUSDT,FUNUSDT,0.02,-3.62,-3.37,24432.34,8
283,AXSUSDT,ALPHAUSDT,0.01,-3.97,-3.37,133.25,8
887,ENJUSDT,CRVUSDT,0.0,-4.24,-3.37,0.57,8
402,BADGERUSDT,ETHWUSDT,0.0,-4.46,-3.37,0.28,8
596,DEGENUSDT,ETHWUSDT,0.04,-3.45,-3.37,0.01,8
572,DASHUSDT,BLURUSDT,0.04,-3.45,-3.37,168.66,8
813,ENJUSDT,1000TURBOUSDT,0.0,-4.34,-3.37,2.22,8
269,AXSUSDT,AAVEUSDT,0.01,-4.04,-3.37,0.15,8
390,AXSUSDT,GODSUSDT,0.01,-3.85,-3.37,194.43,8
440,BNTUSDT,AXLUSDT,0.03,-3.58,-3.37,0.66,8
118,AAVEUSDT,ALPHAUSDT,0.02,-3.66,-3.37,912.12,8
1027,FORTHUSDT,10000STARLUSDT,0.0,-5.36,-3.37,47.67,8
353,AXSUSDT,DOGEUSDT,0.01,-3.93,-3.37,764.51,8
1146,FORTHUSDT,FUNUSDT,0.0,-5.59,-3.37,391.13,8
832,ENJUSDT,ALTUSDT,0.0,-4.26,-3.37,6.07,8
256,AXSUSDT,10000STARLUSDT,0.01,-3.95,-3.37,1096.58,8
1252,HOTUSDT,AGLDUSDT,0.01,-3.96,-3.37,0.01,7
1260,HOTUSDT,AMBUSDT,0.0,-4.12,-3.37,0.72,7
31,10000WENUSDT,BALUSDT,0.03,-3.52,-3.37,0.03,7
985,FIREUSDT,API3USDT,0.02,-3.76,-3.37,0.17,7
1006,FLRUSDT,1000LUNCUSDT,0.02,-3.68,-3.37,0.08,7
1109,FORTHUSDT,CRVUSDT,0.0,-5.5,-3.37,0.72,7
1056,FORTHUSDT,ANKRUSDT,0.0,-5.38,-3.37,20.41,7
982,FIREUSDT,1000000MOGUSDT,0.04,-3.4,-3.37,1.46,7
1011,FLRUSDT,COSUSDT,0.02,-3.66,-3.37,2.84,7
1182,FTNUSDT,CEEKUSDT,0.03,-3.57,-3.37,7.56,7
38,10000WENUSDT,HNTUSDT,0.0,-4.33,-3.37,0.02,7
1212,HBARUSDT,GLMUSDT,0.03,-3.59,-3.37,1.86,7
1016,FLRUSDT,FXSUSDT,0.0,-4.29,-3.37,0.0,7
1050,FORTHUSDT,ALGOUSDT,0.0,-5.41,-3.37,1.6,7
1028,FORTHUSDT,10000WENUSDT,0.0,-5.59,-3.37,5.16,7
1206,HBARUSDT,AVAXUSDT,0.01,-3.85,-3.37,0.01,7
1067,FORTHUSDT,ASTRUSDT,0.0,-5.71,-3.37,11.94,7
1007,FLRUSDT,AGLDUSDT,0.02,-3.74,-3.37,0.03,7
1033,FORTHUSDT,1000LUNCUSDT,0.0,-5.76,-3.37,8.01,7
1193,GALAUSDT,AGLDUSDT,0.03,-3.54,-3.37,0.09,7
994,FIREUSDT,GNOUSDT,0.02,-3.6,-3.37,0.0,7
1239,HOTUSDT,1000RATSUSDT,0.01,-4.09,-3.37,0.1,7
617,DENTUSDT,CTSIUSDT,0.01,-3.83,-3.37,0.01,7
492,BTCUSDT,ENSUSDT,0.02,-3.67,-3.37,124.35,7
844,ENJUSDT,ARUSDT,0.0,-5.31,-3.37,0.04,7
847,ENJUSDT,AUCTIONUSDT,0.01,-4.08,-3.37,0.36,7
850,ENJUSDT,AXLUSDT,0.01,-4.01,-3.37,2.92,7
1346,HOTUSDT,FOXYUSDT,0.01,-4.03,-3.37,0.41,7
865,ENJUSDT,BOBAUSDT,0.0,-5.27,-3.37,1.57,7
723,EGLDUSDT,C98USDT,0.0,-5.83,-3.37,70.22,7
265,AXSUSDT,1000TURBOUSDT,0.01,-3.98,-3.37,64.13,7
323,AXSUSDT,C98USDT,0.01,-3.84,-3.37,18.18,7
871,ENJUSDT,C98USDT,0.0,-4.21,-3.37,0.63,7
876,ENJUSDT,CETUSUSDT,0.0,-6.41,-3.37,17.38,7
719,EGLDUSDT,BONDUSDT,0.0,-5.9,-3.37,70.47,7
260,AXSUSDT,1000FLOKIUSDT,0.0,-4.34,-3.37,1483.26,7
257,AXSUSDT,10000WENUSDT,0.01,-3.83,-3.37,119.11,7
435,BNTUSDT,ANKRUSDT,0.04,-3.43,-3.37,3.67,7
839,ENJUSDT,APTUSDT,0.0,-4.12,-3.37,0.28,7
333,AXSUSDT,COMPUSDT,0.02,-3.76,-3.37,0.15,7
500,CEEKUSDT,FOXYUSDT,0.02,-3.64,-3.37,16.4,7
759,EGLDUSDT,ENJUSDT,0.0,-5.68,-3.37,112.03,7
449,BNTUSDT,CTSIUSDT,0.02,-3.67,-3.37,1.31,7
407,BALUSDT,DYMUSDT,0.04,-3.44,-3.37,2.12,7
405,BAKEUSDT,COSUSDT,0.02,-3.77,-3.37,102.3,7
766,EGLDUSDT,FETUSDT,0.0,-4.82,-3.37,600.57,7
613,DENTUSDT,BAKEUSDT,0.01,-3.78,-3.37,0.0,7
761,EGLDUSDT,EOSUSDT,0.0,-5.86,-3.37,69.79,7
1287,HOTUSDT,BIGTIMEUSDT,0.01,-3.92,-3.37,0.03,7
339,AXSUSDT,CRVUSDT,0.0,-4.12,-3.37,16.59,7
757,EGLDUSDT,EDUUSDT,0.0,-4.49,-3.37,243.67,7
63,1000XECUSDT,1000RATSUSDT,0.01,-4.1,-3.37,1.39,7
801,ENJUSDT,10000LADYSUSDT,0.0,-5.23,-3.37,2221.39,7
111,1CATUSDT,FLRUSDT,0.0,-4.26,-3.37,0.31,7
1321,HOTUSDT,DARUSDT,0.01,-4.11,-3.37,0.01,7
747,EGLDUSDT,DATAUSDT,0.0,-6.09,-3.37,3556.69,7
255,AXSUSDT,10000SATSUSDT,0.01,-3.91,-3.37,38068.13,7
497,CEEKUSDT,BAKEUSDT,0.03,-3.52,-3.37,0.24,7
894,ENJUSDT,DARUSDT,0.01,-4.05,-3.37,1.99,7
1351,HOTUSDT,FXSUSDT,0.01,-3.88,-3.37,0.0,7
630,DODOUSDT,BANDUSDT,0.03,-3.54,-3.37,0.09,7
599,DEGENUSDT,GALAUSDT,0.0,-5.01,-3.37,0.48,7
933,ENJUSDT,GMTUSDT,0.0,-5.28,-3.37,3.2,7
176,ALPACAUSDT,CRVUSDT,0.0,-4.17,-3.37,0.04,7
654,EGLDUSDT,10000LADYSUSDT,0.0,-5.73,-3.37,249962.17,7
656,EGLDUSDT,10000SATSUSDT,0.0,-4.62,-3.37,146916.53,7
658,EGLDUSDT,10000WENUSDT,0.0,-5.39,-3.37,459.01,7
682,EGLDUSDT,ALICEUSDT,0.0,-4.6,-3.37,22.39,7
79,1000XECUSDT,CFXUSDT,0.0,-4.62,-3.37,0.34,7
926,ENJUSDT,FUNUSDT,0.0,-5.21,-3.37,311.49,7
522,COMBOUSDT,HNTUSDT,0.0,-4.16,-3.37,0.04,7
152,AGLDUSDT,CVCUSDT,0.04,-3.39,-3.37,2.42,7
218,ARUSDT,BSVUSDT,0.03,-3.57,-3.37,0.45,7
442,BNTUSDT,BELUSDT,0.03,-3.57,-3.37,0.63,7
253,AXSUSDT,10000LADYSUSDT,0.0,-4.16,-3.37,64674.2,7
517,CHZUSDT,1000TURBOUSDT,0.03,-3.51,-3.37,0.3,7
509,CFXUSDT,CEEKUSDT,0.04,-3.39,-3.37,1.02,7
224,ASTRUSDT,BIGTIMEUSDT,0.04,-3.47,-3.37,1.11,7
139,ADAUSDT,C98USDT,0.03,-3.47,-3.37,0.57,7
912,ENJUSDT,ETHUSDT,0.01,-3.8,-3.37,0.0,7
82,1000XECUSDT,CRVUSDT,0.0,-4.5,-3.37,0.02,7
705,EGLDUSDT,BALUSDT,0.0,-5.97,-3.37,15.76,7
704,EGLDUSDT,BAKEUSDT,0.0,-4.74,-3.37,239.04,7
744,EGLDUSDT,DAOUSDT,0.0,-4.7,-3.37,0.2,6
1053,FORTHUSDT,ALPHAUSDT,0.0,-5.34,-3.37,5.78,6
633,DODOUSDT,ETHWUSDT,0.02,-3.68,-3.37,0.05,6
603,DEGENUSDT,HOOKUSDT,0.0,-4.19,-3.37,0.02,6
1115,FORTHUSDT,DAOUSDT,0.0,-5.44,-3.37,0.0,6
640,DYDXUSDT,1000PEPEUSDT,0.02,-3.67,-3.37,9697.77,6
556,CTSIUSDT,DAOUSDT,0.01,-3.83,-3.37,0.0,6
458,BNTUSDT,FILUSDT,0.03,-3.49,-3.37,0.01,6
496,CEEKUSDT,AMBUSDT,0.03,-3.58,-3.37,28.74,6
690,EGLDUSDT,APEXUSDT,0.0,-5.92,-3.37,104.16,6
546,CRVUSDT,DAOUSDT,0.04,-3.38,-3.37,0.0,6
1113,FORTHUSDT,CVXUSDT,0.0,-5.42,-3.37,0.11,6
505,CELOUSDT,GALAUSDT,0.02,-3.62,-3.37,51.49,6
486,BSVUSDT,FUNUSDT,0.04,-3.47,-3.37,16810.52,6
1134,FORTHUSDT,ETHWUSDT,0.0,-5.55,-3.37,0.4,6
1320,HOTUSDT,DAOUSDT,0.01,-3.97,-3.37,0.0,6
48,1000IQ50USDT,DAOUSDT,0.01,-3.82,-3.37,0.0,6
291,AXSUSDT,APTUSDT,0.0,-4.13,-3.37,8.06,6
177,ALPACAUSDT,DAOUSDT,0.03,-3.51,-3.37,0.0,6
913,ENJUSDT,ETHWUSDT,0.01,-3.85,-3.37,0.32,6
967,ETHUSDT,FUNUSDT,0.01,-3.86,-3.37,243284.7,6
200,APEUSDT,ALPHAUSDT,0.03,-3.48,-3.37,23.52,6
973,ETHWUSDT,FLOWUSDT,0.03,-3.56,-3.37,0.51,6
975,ETHWUSDT,GODSUSDT,0.0,-4.12,-3.37,19.5,6
193,AMBUSDT,DAOUSDT,0.02,-3.7,-3.37,0.0,6
893,ENJUSDT,DAOUSDT,0.0,-4.2,-3.37,0.0,6
928,ENJUSDT,GALAUSDT,0.0,-5.65,-3.37,25.73,6
187,ALPACAUSDT,HOOKUSDT,0.0,-4.6,-3.37,0.06,6
1231,HOTUSDT,10000STARLUSDT,0.01,-3.84,-3.37,0.1,6
318,AXSUSDT,BOMEUSDT,0.01,-3.83,-3.37,4834.91,6
222,ARUSDT,DAOUSDT,0.02,-3.65,-3.37,0.04,6
345,AXSUSDT,DAOUSDT,0.0,-4.39,-3.37,0.05,6
165,ALICEUSDT,GNOUSDT,0.0,-4.27,-3.37,0.04,6
1169,FRONTUSDT,ENAUSDT,0.03,-3.49,-3.37,0.3,6
1338,HOTUSDT,ETHWUSDT,0.02,-3.74,-3.37,0.0,6
568,DAOUSDT,ETCUSDT,0.0,-4.25,-3.37,14.88,5
161,ALGOUSDT,APEXUSDT,0.03,-3.56,-3.37,0.72,5
1087,FORTHUSDT,BOBAUSDT,0.0,-5.37,-3.37,1.98,5
1237,HOTUSDT,1000LUNCUSDT,0.01,-3.84,-3.37,0.02,5
1306,HOTUSDT,CKBUSDT,0.0,-4.32,-3.37,0.48,5
199,APEUSDT,AAVEUSDT,0.03,-3.55,-3.37,0.03,5
553,CTSIUSDT,AMBUSDT,0.03,-3.59,-3.37,44.25,5
170,ALPACAUSDT,BAKEUSDT,0.02,-3.76,-3.37,0.14,5
1104,FORTHUSDT,COREUSDT,0.0,-5.46,-3.37,0.91,5
570,DAOUSDT,GASUSDT,0.02,-3.71,-3.37,192.65,5
567,DAOUSDT,EOSUSDT,0.04,-3.4,-3.37,170.19,5
1365,HOTUSDT,HIGHUSDT,0.01,-3.91,-3.37,0.0,5
569,DAOUSDT,FIREUSDT,0.04,-3.45,-3.37,565.49,5
1101,FORTHUSDT,CKBUSDT,0.0,-5.55,-3.37,220.28,5
565,DAOUSDT,ANKRUSDT,0.02,-3.63,-3.37,4798.39,5
190,ALTUSDT,AIUSDT,0.04,-3.4,-3.37,0.35,5
525,COREUSDT,GALAUSDT,0.0,-4.32,-3.37,34.57,5
566,DAOUSDT,DUSKUSDT,0.01,-4.01,-3.37,1210.53,5
422,BELUSDT,ETHFIUSDT,0.03,-3.53,-3.37,0.21,5
142,AERGOUSDT,CAKEUSDT,0.04,-3.38,-3.37,0.08,5
204,APTUSDT,FOXYUSDT,0.01,-3.82,-3.37,519.23,5
230,AUCTIONUSDT,CRVUSDT,0.04,-3.4,-3.37,1.54,5
420,BCHUSDT,CKBUSDT,0.04,-3.39,-3.37,20654.14,5
403,BADGERUSDT,HIGHUSDT,0.0,-4.85,-3.37,0.61,5
1142,FORTHUSDT,FOXYUSDT,0.0,-5.4,-3.37,186.66,5
1326,HOTUSDT,DODOUSDT,0.01,-3.81,-3.37,0.02,5
377,AXSUSDT,FRONTUSDT,0.0,-4.17,-3.37,194.75,5
1163,FORTHUSDT,HOOKUSDT,0.0,-5.66,-3.37,1.03,5
110,1CATUSDT,ENAUSDT,0.05,-3.38,-3.37,0.01,5
467,BOBAUSDT,1000XECUSDT,0.04,-3.41,-3.37,16.46,5
1177,FTNUSDT,AGLDUSDT,0.0,-4.33,-3.37,1.86,5
293,AXSUSDT,ARKMUSDT,0.01,-4.0,-3.37,136.56,5
26,10000SATSUSDT,DYMUSDT,0.01,-3.89,-3.37,0.0,5
87,1000XECUSDT,DOTUSDT,0.03,-3.52,-3.37,0.0,5
1126,FORTHUSDT,DYMUSDT,0.0,-5.67,-3.37,0.38,5
489,BSVUSDT,HOOKUSDT,0.05,-3.37,-3.37,44.43,5
277,AXSUSDT,AGLDUSDT,0.01,-3.97,-3.37,64.91,5
130,ACHUSDT,BTCUSDT,0.04,-3.41,-3.37,0.0,5
134,ACHUSDT,HNTUSDT,0.03,-3.54,-3.37,0.0,5
262,AXSUSDT,1000LUNCUSDT,0.01,-4.08,-3.37,184.47,5
1194,GALAUSDT,BBUSDT,0.0,-4.26,-3.37,0.25,5
5,1000000MOGUSDT,BIGTIMEUSDT,0.03,-3.57,-3.37,3.29,5
1309,HOTUSDT,COREUSDT,0.01,-3.87,-3.37,0.0,5
1201,GMXUSDT,DYMUSDT,0.03,-3.55,-3.37,4.9,5
448,BNTUSDT,CRVUSDT,0.03,-3.55,-3.37,0.13,5
397,AXSUSDT,HOOKUSDT,0.01,-3.86,-3.37,23.83,5
701,EGLDUSDT,AVAXUSDT,0.0,-4.63,-3.37,4.6,5
616,DENTUSDT,CRVUSDT,0.02,-3.61,-3.37,0.0,5
1049,FORTHUSDT,AKROUSDT,0.0,-5.34,-3.37,631.68,5
720,EGLDUSDT,BRETTUSDT,0.0,-4.64,-3.37,6824.36,5
733,EGLDUSDT,COREUSDT,0.0,-4.9,-3.37,80.66,5
751,EGLDUSDT,DODOUSDT,0.0,-4.65,-3.37,692.51,5
764,EGLDUSDT,ETHUSDT,0.0,-4.33,-3.37,0.14,5
779,EGLDUSDT,FXSUSDT,0.0,-5.34,-3.37,8.32,5
64,1000XECUSDT,AIUSDT,0.03,-3.56,-3.37,0.08,5
1266,HOTUSDT,APTUSDT,0.01,-3.97,-3.37,0.0,5
793,EGLDUSDT,HIGHUSDT,0.0,-4.82,-3.37,77.82,5
621,DENTUSDT,FRONTUSDT,0.02,-3.69,-3.37,0.01,5
810,ENJUSDT,1000LUNCUSDT,0.0,-5.44,-3.37,6.35,5
827,ENJUSDT,AKROUSDT,0.0,-4.16,-3.37,503.69,5
997,FITFIUSDT,CRVUSDT,0.0,-14.07,-3.37,0.0,5
1280,HOTUSDT,BALUSDT,0.01,-3.81,-3.37,0.0,5
867,ENJUSDT,BONDUSDT,0.0,-5.36,-3.37,0.63,5
36,10000WENUSDT,FLOWUSDT,0.04,-3.39,-3.37,0.04,5
868,ENJUSDT,BRETTUSDT,0.0,-4.2,-3.37,60.78,5
882,ENJUSDT,COREUSDT,0.0,-5.5,-3.37,0.72,5
891,ENJUSDT,CVXUSDT,0.0,-5.29,-3.37,0.09,5
900,ENJUSDT,DODOUSDT,0.0,-5.25,-3.37,6.17,5
903,ENJUSDT,DUSKUSDT,0.01,-4.08,-3.37,3.99,5
917,ENJUSDT,FITFIUSDT,0.0,-5.3,-3.37,202.74,5
963,ETHUSDT,CRVUSDT,0.04,-3.42,-3.37,446.09,5
927,ENJUSDT,FXSUSDT,0.0,-4.26,-3.37,0.07,5
951,ETHFIUSDT,1000FLOKIUSDT,0.01,-3.85,-3.37,84.75,5
935,ENJUSDT,GNOUSDT,0.0,-4.17,-3.37,0.01,5
43,1000FLOKIUSDT,ANTUSDT,0.02,-3.66,-3.37,0.01,5
1274,HOTUSDT,AUCTIONUSDT,0.0,-4.33,-3.37,0.0,5
709,EGLDUSDT,BCHUSDT,0.0,-4.59,-3.37,0.94,5
1010,FLRUSDT,BALUSDT,0.02,-3.59,-3.37,0.0,5
708,EGLDUSDT,BBUSDT,0.0,-5.98,-3.37,730.62,5
1055,FORTHUSDT,AMBUSDT,0.0,-5.51,-3.37,327.62,5
661,EGLDUSDT,1000FLOKIUSDT,0.0,-4.65,-3.37,5729.19,5
652,EGLDUSDT,1000000MOGUSDT,0.0,-4.6,-3.37,341.69,5
663,EGLDUSDT,1000LUNCUSDT,0.0,-5.93,-3.37,713.23,5
1,10000000AIDOGEUSDT,BCHUSDT,0.02,-3.7,-3.37,0.0,5
69,1000XECUSDT,ASTRUSDT,0.02,-3.67,-3.37,0.37,5
1262,HOTUSDT,ANTUSDT,0.0,-4.13,-3.37,0.0,5
694,EGLDUSDT,ARKMUSDT,0.0,-4.61,-3.37,527.29,5
1058,FORTHUSDT,APEUSDT,0.0,-5.33,-3.37,0.24,5
1057,FORTHUSDT,ANTUSDT,0.0,-5.48,-3.37,0.38,5
699,EGLDUSDT,AUCTIONUSDT,0.0,-5.59,-3.37,40.68,5
636,DOTUSDT,ETCUSDT,0.04,-3.42,-3.37,0.75,5
1079,FORTHUSDT,BCHUSDT,0.0,-5.61,-3.37,0.01,5
419,BBUSDT,ETHWUSDT,0.01,-3.79,-3.37,0.05,4
727,EGLDUSDT,CETUSUSDT,0.0,-4.57,-3.37,1948.71,4
722,EGLDUSDT,BTCUSDT,0.0,-5.18,-3.37,0.04,4
385,AXSUSDT,GLMRUSDT,0.01,-3.87,-3.37,15.9,4
153,AGLDUSDT,ETHWUSDT,0.02,-3.6,-3.37,0.14,4
1258,HOTUSDT,ALPHAUSDT,0.01,-3.78,-3.37,0.01,4
794,EGLDUSDT,HNTUSDT,0.0,-6.04,-3.37,9.97,4
84,1000XECUSDT,DAOUSDT,0.0,-4.5,-3.37,0.0,4
811,ENJUSDT,1000PEPEUSDT,0.01,-4.08,-3.37,1006.67,4
968,ETHUSDT,GLMRUSDT,0.03,-3.48,-3.37,428.4,4
910,ENJUSDT,ETCUSDT,0.0,-4.19,-3.37,0.05,4
501,CEEKUSDT,GLMRUSDT,0.03,-3.58,-3.37,0.06,4
641,DYDXUSDT,ALPHAUSDT,0.01,-3.77,-3.37,44.02,4
974,ETHWUSDT,GALAUSDT,0.01,-4.09,-3.37,75.42,4
849,ENJUSDT,AVAXUSDT,0.0,-4.29,-3.37,0.04,4
664,EGLDUSDT,1000PEPEUSDT,0.0,-4.55,-3.37,112970.49,4
866,ENJUSDT,BOMEUSDT,0.0,-4.45,-3.37,167.11,4
718,EGLDUSDT,BOMEUSDT,0.0,-6.74,-3.37,18705.54,4
499,CEEKUSDT,ETHWUSDT,0.03,-3.5,-3.37,0.04,4
263,AXSUSDT,1000PEPEUSDT,0.01,-4.0,-3.37,29176.19,4
198,APEUSDT,1000PEPEUSDT,0.02,-3.64,-3.37,5094.42,4
380,AXSUSDT,FUNUSDT,0.01,-3.83,-3.37,9034.58,4
487,BSVUSDT,GLMRUSDT,0.04,-3.4,-3.37,29.31,4
635,DODOUSDT,HOOKUSDT,0.04,-3.4,-3.37,0.13,4
167,ALPACAUSDT,AMBUSDT,0.0,-4.4,-3.37,17.47,4
471,BOBAUSDT,DAOUSDT,0.04,-3.47,-3.37,0.0,4
453,BNTUSDT,DOTUSDT,0.01,-3.95,-3.37,0.02,4
942,ENJUSDT,HNTUSDT,0.0,-5.47,-3.37,0.09,4
191,ALTUSDT,ETHWUSDT,0.03,-3.55,-3.37,0.05,4
1034,FORTHUSDT,1000PEPEUSDT,0.0,-5.33,-3.37,1267.56,4
954,ETHUSDT,1000IQ50USDT,0.03,-3.57,-3.37,34450.67,4
181,ALPACAUSDT,ETHWUSDT,0.01,-4.06,-3.37,0.02,4
236,AUDIOUSDT,BOMEUSDT,0.01,-3.84,-3.37,165.19,3
929,ENJUSDT,GASUSDT,0.01,-4.07,-3.37,0.59,3
179,ALPACAUSDT,DYMUSDT,0.0,-4.31,-3.37,0.02,3
196,ANTUSDT,BNTUSDT,0.04,-3.42,-3.37,13.37,3
249,AXLUSDT,ETHFIUSDT,0.02,-3.62,-3.37,0.2,3
932,ENJUSDT,GLMUSDT,0.0,-5.2,-3.37,11.64,3
1204,GNOUSDT,10000000AIDOGEUSDT,0.03,-3.5,-3.37,42670.19,3
950,ETCUSDT,FIREUSDT,0.03,-3.59,-3.37,41.21,3
58,1000RATSUSDT,CRVUSDT,0.01,-3.95,-3.37,0.02,3
941,ENJUSDT,HIGHUSDT,0.0,-4.28,-3.37,0.69,3
251,AXSUSDT,1000000MOGUSDT,0.0,-5.04,-3.37,88.63,3
1088,FORTHUSDT,BOMEUSDT,0.0,-5.39,-3.37,209.04,3
970,ETHUSDT,HIGHUSDT,0.04,-3.42,-3.37,543.13,3
1214,HFTUSDT,AVAXUSDT,0.02,-3.69,-3.37,0.01,3
957,ETHUSDT,AUCTIONUSDT,0.03,-3.52,-3.37,284.12,3
959,ETHUSDT,BOBAUSDT,0.05,-3.38,-3.37,1230.09,3
925,ENJUSDT,FTNUSDT,0.0,-4.21,-3.37,1.2,3
1222,HNTUSDT,BADGERUSDT,0.01,-4.04,-3.37,12.73,3
192,ALTUSDT,FXSUSDT,0.03,-3.57,-3.37,0.01,3
1225,HOTUSDT,10000000AIDOGEUSDT,0.0,-4.13,-3.37,0.92,3
4,1000000MOGUSDT,1000FLOKIUSDT,0.02,-3.64,-3.37,15.81,3
879,ENJUSDT,CKBUSDT,0.0,-4.17,-3.37,174.95,3
923,ENJUSDT,FRONTUSDT,0.0,-4.19,-3.37,6.72,3
210,ARKUSDT,BOMEUSDT,0.03,-3.51,-3.37,19.78,3
1353,HOTUSDT,GASUSDT,0.0,-4.11,-3.37,0.0,3
956,ETHUSDT,APTUSDT,0.03,-3.51,-3.37,216.94,3
922,ENJUSDT,FOXYUSDT,0.0,-5.2,-3.37,148.06,3
1076,FORTHUSDT,BANDUSDT,0.0,-5.65,-3.37,0.72,3
564,DAOUSDT,1000LUNCUSDT,0.01,-4.07,-3.37,1393.08,3
555,CTSIUSDT,BOBAUSDT,0.04,-3.4,-3.37,0.27,3
983,FIREUSDT,1000LUNCUSDT,0.02,-3.6,-3.37,3.02,3
1292,HOTUSDT,BOBAUSDT,0.01,-3.88,-3.37,0.0,3
781,EGLDUSDT,GASUSDT,0.0,-4.5,-3.37,66.49,3
409,BANDUSDT,BSVUSDT,0.03,-3.54,-3.37,0.03,3
1018,FLRUSDT,HIGHUSDT,0.04,-3.44,-3.37,0.01,3
433,BNTUSDT,AKROUSDT,0.01,-3.89,-3.37,112.96,3
1147,FORTHUSDT,FXSUSDT,0.0,-5.43,-3.37,0.09,3
1329,HOTUSDT,DUSKUSDT,0.0,-4.15,-3.37,0.01,3
775,EGLDUSDT,FRONTUSDT,0.0,-4.58,-3.37,752.62,3
774,EGLDUSDT,FOXYUSDT,0.0,-4.75,-3.37,16619.25,3
769,EGLDUSDT,FITFIUSDT,0.0,-5.88,-3.37,22747.41,3
1293,HOTUSDT,BOMEUSDT,0.01,-3.85,-3.37,0.46,3
877,ENJUSDT,CFXUSDT,0.0,-4.14,-3.37,8.78,3
25,10000SATSUSDT,CRVUSDT,0.04,-3.4,-3.37,0.0,3
745,EGLDUSDT,DARUSDT,0.0,-4.5,-3.37,222.97,3
1035,FORTHUSDT,1000RATSUSDT,0.0,-5.44,-3.37,45.29,3
742,EGLDUSDT,CVXUSDT,0.0,-5.87,-3.37,9.99,3
483,BSVUSDT,CRVUSDT,0.01,-3.92,-3.37,30.51,3
730,EGLDUSDT,CKBUSDT,0.0,-5.74,-3.37,19634.17,3
728,EGLDUSDT,CFXUSDT,0.0,-5.19,-3.37,985.23,3
706,EGLDUSDT,BANDUSDT,0.0,-5.84,-3.37,64.48,3
717,EGLDUSDT,BOBAUSDT,0.0,-5.3,-3.37,176.27,3
401,BADGERUSDT,DYMUSDT,0.02,-3.61,-3.37,0.27,3
784,EGLDUSDT,GLMUSDT,0.0,-6.05,-3.37,1306.87,3
1061,FORTHUSDT,APTUSDT,0.0,-5.45,-3.37,0.35,3
331,AXSUSDT,CKBUSDT,0.0,-4.19,-3.37,5082.13,3
559,CTSIUSDT,FTMUSDT,0.01,-3.82,-3.37,0.33,3
1304,HOTUSDT,CFXUSDT,0.0,-4.28,-3.37,0.02,3
132,ACHUSDT,FLRUSDT,0.04,-3.44,-3.37,1.23,3
1184,FTNUSDT,DYMUSDT,0.03,-3.57,-3.37,0.25,3
854,ENJUSDT,BANDUSDT,0.0,-4.23,-3.37,0.57,3
1180,FTNUSDT,BBUSDT,0.0,-4.47,-3.37,5.41,3
317,AXSUSDT,BOBAUSDT,0.0,-4.24,-3.37,45.62,3
34,10000WENUSDT,DYMUSDT,0.04,-3.46,-3.37,0.07,3
1281,HOTUSDT,BANDUSDT,0.01,-4.02,-3.37,0.0,3
1002,FLOWUSDT,FETUSDT,0.02,-3.66,-3.37,30.95,3
692,EGLDUSDT,APTUSDT,0.0,-4.62,-3.37,31.13,3
61,1000RATSUSDT,FRONTUSDT,0.0,-4.24,-3.37,0.18,3
352,AXSUSDT,DODOUSDT,0.0,-4.14,-3.37,179.27,3
1170,FRONTUSDT,ENSUSDT,0.02,-3.62,-3.37,0.01,3
355,AXSUSDT,DUSKUSDT,0.0,-4.69,-3.37,115.89,3
364,AXSUSDT,ETCUSDT,0.0,-4.55,-3.37,1.45,3
691,EGLDUSDT,API3USDT,0.0,-4.49,-3.37,39.09,3
798,ENJUSDT,10000000AIDOGEUSDT,0.0,-4.21,-3.37,332.18,3
376,AXSUSDT,FOXYUSDT,0.0,-4.2,-3.37,4300.15,3
593,DEGENUSDT,DYMUSDT,0.0,-4.24,-3.37,0.01,3
1265,HOTUSDT,API3USDT,0.0,-4.7,-3.37,0.0,2
684,EGLDUSDT,ALPHAUSDT,0.0,-4.48,-3.37,514.94,2
872,ENJUSDT,CAKEUSDT,0.0,-4.21,-3.37,1.14,2
1224,HNTUSDT,ETHWUSDT,0.05,-3.37,-3.37,3.52,2
1060,FORTHUSDT,API3USDT,0.0,-5.43,-3.37,0.44,2
762,EGLDUSDT,ETCUSDT,0.0,-5.85,-3.37,5.6,2
290,AXSUSDT,API3USDT,0.01,-4.08,-3.37,10.12,2
783,EGLDUSDT,GLMRUSDT,0.0,-5.84,-3.37,61.34,2
650,DYMUSDT,ETHWUSDT,0.03,-3.57,-3.37,1.01,2
1151,FORTHUSDT,GLMRUSDT,0.0,-5.44,-3.37,0.69,2
756,EGLDUSDT,DYMUSDT,0.0,-6.02,-3.37,34.3,2
799,ENJUSDT,1000000MOGUSDT,0.0,-4.13,-3.37,3.05,2
1173,FTMUSDT,BLURUSDT,0.01,-4.07,-3.37,1.12,2
831,ENJUSDT,ALPHAUSDT,0.01,-4.02,-3.37,4.59,2
931,ENJUSDT,GLMRUSDT,0.0,-5.26,-3.37,0.55,2
1189,FUNUSDT,GLMRUSDT,0.01,-3.9,-3.37,0.0,2
404,BADGERUSDT,HOOKUSDT,0.0,-4.18,-3.37,0.72,2
905,ENJUSDT,DYMUSDT,0.0,-4.36,-3.37,0.31,2
754,EGLDUSDT,DUSKUSDT,0.0,-4.56,-3.37,447.39,2
426,BNTUSDT,10000000AIDOGEUSDT,0.01,-3.78,-3.37,73.73,1
427,BNTUSDT,1000000MOGUSDT,0.0,-4.61,-3.37,0.68,1
437,BNTUSDT,APTUSDT,0.04,-3.39,-3.37,0.06,1
438,BNTUSDT,ARUSDT,0.02,-3.6,-3.37,0.01,1
441,BNTUSDT,BCHUSDT,0.01,-3.93,-3.37,0.0,1
394,AXSUSDT,HIFIUSDT,0.01,-3.84,-3.37,48.23,1
1226,HOTUSDT,1000000MOGUSDT,0.01,-3.95,-3.37,0.01,1
454,BNTUSDT,DUSKUSDT,0.0,-4.68,-3.37,0.89,1
386,AXSUSDT,GLMUSDT,0.01,-4.07,-3.37,338.62,1
457,BNTUSDT,ETHFIUSDT,0.01,-3.79,-3.37,0.13,1
461,BNTUSDT,GASUSDT,0.01,-3.94,-3.37,0.13,1
464,BNXUSDT,1INCHUSDT,0.01,-3.88,-3.37,0.77,1
465,BNXUSDT,GALAUSDT,0.0,-5.28,-3.37,17.73,1
466,BNXUSDT,HNTUSDT,0.03,-3.49,-3.37,0.06,1
470,BOBAUSDT,CRVUSDT,0.01,-3.82,-3.37,0.36,1
473,BOBAUSDT,FRONTUSDT,0.04,-3.43,-3.37,4.18,1
477,BSVUSDT,APTUSDT,0.02,-3.62,-3.37,14.88,1
1317,HOTUSDT,CVCUSDT,0.01,-3.99,-3.37,0.01,1
480,BSVUSDT,BTCUSDT,0.02,-3.64,-3.37,0.02,1
484,BSVUSDT,CVCUSDT,0.01,-3.81,-3.37,291.76,1
490,BTCUSDT,AGLDUSDT,0.03,-3.47,-3.37,6249.53,1
456,BNTUSDT,ETCUSDT,0.01,-3.77,-3.37,0.01,1
383,AXSUSDT,GASUSDT,0.0,-4.55,-3.37,17.24,1
1336,HOTUSDT,ETCUSDT,0.01,-4.06,-3.37,0.0,1
216,ARUSDT,AMBUSDT,0.04,-3.4,-3.37,6303.87,1
2,10000000AIDOGEUSDT,BIGTIMEUSDT,0.03,-3.54,-3.37,0.03,1
3,10000000AIDOGEUSDT,CKBUSDT,0.03,-3.52,-3.37,0.47,1
1364,HOTUSDT,HIFIUSDT,0.01,-4.05,-3.37,0.0,1
73,1000XECUSDT,BCHUSDT,0.01,-3.86,-3.37,0.0,1
76,1000XECUSDT,BNXUSDT,0.04,-3.4,-3.37,0.0,1
88,1000XECUSDT,DUSKUSDT,0.01,-3.98,-3.37,0.15,1
91,1000XECUSDT,ETCUSDT,0.0,-4.43,-3.37,0.0,1
117,1INCHUSDT,HIFIUSDT,0.0,-4.44,-3.37,1.95,1
184,ALPACAUSDT,FRONTUSDT,0.02,-3.73,-3.37,0.44,1
195,ANKRUSDT,BOBAUSDT,0.01,-3.92,-3.37,0.09,1
197,ANTUSDT,CKBUSDT,0.04,-3.4,-3.37,533.44,1
202,API3USDT,DUSKUSDT,0.0,-4.17,-3.37,10.96,1
206,ARKMUSDT,FRONTUSDT,0.03,-3.57,-3.37,1.4,1
217,ARUSDT,BOBAUSDT,0.03,-3.59,-3.37,38.2,1
1337,HOTUSDT,ETHFIUSDT,0.0,-4.17,-3.37,0.0,1
219,ARUSDT,CFXUSDT,0.04,-3.46,-3.37,213.07,1
233,AUDIOUSDT,10000WENUSDT,0.04,-3.44,-3.37,4.11,1
248,AUDIOUSDT,HIFIUSDT,0.04,-3.42,-3.37,1.68,1
250,AXSUSDT,10000000AIDOGEUSDT,0.0,-4.27,-3.37,9636.5,1
1347,HOTUSDT,FRONTUSDT,0.01,-3.96,-3.37,0.02,1
285,AXSUSDT,AMBUSDT,0.0,-4.31,-3.37,7550.19,1
305,AXSUSDT,BALUSDT,0.01,-3.91,-3.37,4.08,1
306,AXSUSDT,BANDUSDT,0.01,-3.99,-3.37,16.69,1
316,AXSUSDT,BNXUSDT,0.01,-3.86,-3.37,0.79,1
329,AXSUSDT,CFXUSDT,0.0,-4.24,-3.37,255.01,1
342,AXSUSDT,CVCUSDT,0.01,-3.85,-3.37,156.44,1
365,AXSUSDT,ETHFIUSDT,0.01,-3.99,-3.37,16.73,1
507,CFXUSDT,ANKRUSDT,0.04,-3.39,-3.37,1.78,1
498,CEEKUSDT,CVCUSDT,0.02,-3.62,-3.37,0.6,1
558,CTSIUSDT,FOXYUSDT,0.01,-4.0,-3.37,25.13,1
511,CFXUSDT,CRVUSDT,0.01,-3.86,-3.37,0.06,1
1131,FORTHUSDT,ETCUSDT,0.0,-5.45,-3.37,0.06,1
984,FIREUSDT,AMBUSDT,0.03,-3.5,-3.37,123.9,1
988,FIREUSDT,BANDUSDT,0.02,-3.67,-3.37,0.27,1
992,FIREUSDT,DUSKUSDT,0.02,-3.66,-3.37,1.91,1
993,FIREUSDT,GASUSDT,0.03,-3.55,-3.37,0.28,1
1015,FLRUSDT,FRONTUSDT,0.02,-3.7,-3.37,0.09,1
1020,FLRUSDT,HOOKUSDT,0.03,-3.54,-3.37,0.01,1
1021,FORTHUSDT,10000000AIDOGEUSDT,0.0,-5.53,-3.37,414.35,1
1022,FORTHUSDT,1000000MOGUSDT,0.0,-5.46,-3.37,3.81,1
1086,FORTHUSDT,BNXUSDT,0.0,-5.41,-3.37,0.04,1
1112,FORTHUSDT,CVCUSDT,0.0,-5.57,-3.37,6.78,1
1124,FORTHUSDT,DUSKUSDT,0.0,-5.49,-3.37,4.99,1
1132,FORTHUSDT,ETHFIUSDT,0.0,-5.49,-3.37,0.72,1
952,ETHFIUSDT,BCHUSDT,0.04,-3.44,-3.37,0.01,1
1143,FORTHUSDT,FRONTUSDT,0.0,-5.4,-3.37,8.4,1
1149,FORTHUSDT,GASUSDT,0.0,-5.45,-3.37,0.74,1
1160,FORTHUSDT,HIFIUSDT,0.0,-5.42,-3.37,2.09,1
1166,FRONTUSDT,AMBUSDT,0.05,-3.38,-3.37,36.14,1
1167,FRONTUSDT,BAKEUSDT,0.04,-3.46,-3.37,0.3,1
1181,FTNUSDT,BNXUSDT,0.03,-3.57,-3.37,0.02,1
1183,FTNUSDT,CVCUSDT,0.0,-4.28,-3.37,4.47,1
1187,FTNUSDT,HIFIUSDT,0.03,-3.5,-3.37,1.38,1
1196,GALAUSDT,HIFIUSDT,0.0,-5.63,-3.37,0.06,1
1217,HFTUSDT,ETHFIUSDT,0.04,-3.42,-3.37,0.17,1
1218,HIFIUSDT,BNXUSDT,0.0,-14.5,-3.37,0.05,1
964,ETHUSDT,CVCUSDT,0.02,-3.61,-3.37,4215.7,1
943,ENJUSDT,HOOKUSDT,0.0,-4.28,-3.37,0.82,1
515,CFXUSDT,FRONTUSDT,0.03,-3.55,-3.37,0.72,1
716,EGLDUSDT,BNXUSDT,0.0,-5.59,-3.37,3.01,1
516,CFXUSDT,GASUSDT,0.03,-3.48,-3.37,0.06,1
518,CKBUSDT,DUSKUSDT,0.01,-3.81,-3.37,0.02,1
547,CRVUSDT,DODOUSDT,0.01,-3.97,-3.37,10.39,1
548,CRVUSDT,FOXYUSDT,0.0,-4.2,-3.37,243.98,1
552,CTSIUSDT,1000RATSUSDT,0.03,-3.52,-3.37,6.12,1
624,DGBUSDT,BNXUSDT,0.03,-3.47,-3.37,0.0,1
628,DGBUSDT,HIFIUSDT,0.04,-3.38,-3.37,0.02,1
651,EGLDUSDT,10000000AIDOGEUSDT,0.0,-4.65,-3.37,37215.29,1
665,EGLDUSDT,1000RATSUSDT,0.0,-4.66,-3.37,4032.03,1
686,EGLDUSDT,AMBUSDT,0.0,-5.96,-3.37,29204.13,1
688,EGLDUSDT,ANTUSDT,0.0,-4.48,-3.37,33.87,1
741,EGLDUSDT,CVCUSDT,0.0,-5.91,-3.37,603.91,1
940,ENJUSDT,HIFIUSDT,0.0,-4.51,-3.37,1.64,1
1291,HOTUSDT,BNXUSDT,0.01,-3.99,-3.37,0.0,1
763,EGLDUSDT,ETHFIUSDT,0.0,-4.31,-3.37,64.78,1
792,EGLDUSDT,HIFIUSDT,0.0,-6.06,-3.37,185.86,1
795,EGLDUSDT,HOOKUSDT,0.0,-5.98,-3.37,92.03,1
812,ENJUSDT,1000RATSUSDT,0.0,-4.14,-3.37,35.92,1
833,ENJUSDT,AMBUSDT,0.0,-4.29,-3.37,260.19,1
835,ENJUSDT,ANTUSDT,0.01,-4.06,-3.37,0.3,1
838,ENJUSDT,API3USDT,0.01,-4.0,-3.37,0.35,1
864,ENJUSDT,BNXUSDT,0.0,-4.59,-3.37,0.03,1
890,ENJUSDT,CVCUSDT,0.0,-4.24,-3.37,5.38,1
911,ENJUSDT,ETHFIUSDT,0.01,-3.92,-3.37,0.58,1
1367,HOTUSDT,HOOKUSDT,0.01,-3.82,-3.37,0.0,1
